"Client","Condition","TCT","Fix.Success"
1,"Human",6.56,0
2,"Human",7.62,0
3,"Human",7.51,0
4,"Human",8.06,1
5,"Human",10.83,0
6,"Human",7.87,1
7,"Human",8.49,0
8,"Human",7.45,0
9,"Human",9.28,0
10,"Human",5.84,0
11,"Human",7.63,0
12,"Human",6.12,0
13,"Human",6,0
14,"Human",8.18,0
15,"Human",6.52,0
16,"Human",8.76,0
17,"Human",4.04,0
18,"Human",8.57,0
19,"Human",8.99,0
20,"Human",5.86,0
21,"Human",7.53,0
22,"Human",6.69,0
23,"Human",9.75,0
24,"Human",7.85,0
25,"Human",5.2,0
26,"Human",8.97,0
27,"Human",7.2,0
28,"Human",8.3,1
29,"Human",5.1,0
30,"Human",6.3,0
31,"Human",6.53,0
32,"Human",8.98,0
33,"Human",4.74,0
34,"Human",8.08,0
35,"Human",8.12,1
36,"Human",7.21,0
37,"Human",6.38,0
38,"Human",6.57,0
39,"Human",9.53,0
40,"Human",5.53,0
41,"Human",11.03,0
42,"Human",6.71,0
43,"Human",8.25,0
44,"Human",6.36,0
45,"Human",7.14,0
46,"Human",8.19,0
47,"Human",6.4,0
48,"Human",8.3,0
49,"Human",6.73,0
50,"Human",8.4,0
51,"Human",6.08,0
52,"Human",6.83,0
53,"Human",7.68,0
54,"Human",8.92,0
55,"Human",5.77,0
56,"Human",9.13,0
57,"Human",7.93,0
58,"Human",8.5,0
59,"Human",9.56,0
60,"Human",8.59,0
61,"Human",4.93,0
62,"Human",5.18,0
63,"Human",5.96,0
64,"Human",5.89,1
65,"Human",5.64,0
66,"Human",5.7,0
67,"Human",4.83,0
68,"Human",9.57,0
69,"Human",6.85,0
70,"Human",8.72,0
71,"Human",7.48,0
72,"Human",7.16,0
73,"Human",8.04,1
74,"Human",6.85,0
75,"Human",7.1,0
76,"Human",5.16,0
77,"Human",6.68,1
78,"Human",5.42,0
79,"Human",6.2,0
80,"Human",7.11,0
81,"Human",5.8,0
82,"Human",7.45,0
83,"Human",5.61,0
84,"Human",8.89,0
85,"Human",4.21,0
86,"Human",7.79,1
87,"Human",4.34,0
88,"Human",5.99,1
89,"Human",6.41,0
90,"Human",2.22,0
91,"Human",7.25,1
92,"Human",5.27,0
93,"Human",6.41,0
94,"Human",6.32,0
95,"Human",6.49,0
96,"Human",8.68,1
97,"Human",6.18,0
98,"Human",9.5,0
99,"Human",8,0
100,"Human",9.02,1
101,"Human",6.28,1
102,"Human",6.56,0
103,"Human",6.85,0
104,"Human",5.59,0
105,"Human",6.99,0
106,"Human",7.22,0
107,"Human",7.6,1
108,"Human",7.5,0
109,"Human",9.29,0
110,"Human",6.58,0
111,"Human",5.39,1
112,"Human",6.9,0
113,"Human",6.43,0
114,"Human",4.13,0
115,"Human",7.51,0
116,"Human",6.13,1
117,"Human",8.69,0
118,"Human",5.79,0
119,"Human",8.86,0
120,"Human",7.43,0
121,"Human",8.23,0
122,"Human",5.63,0
123,"Human",8.27,0
124,"Human",7.46,0
125,"Human",5.13,0
126,"Human",8.57,0
127,"Human",4.11,0
128,"Human",7.76,1
129,"Human",5.78,0
130,"Human",8.65,1
131,"Human",7.02,0
132,"Human",5.98,0
133,"Human",7.38,0
134,"Human",6.78,1
135,"Human",7.92,0
136,"Human",6.56,0
137,"Human",8.31,0
138,"Human",7.54,0
139,"Human",5.23,0
140,"Human",9.97,0
141,"Human",6.92,0
142,"Human",7.29,0
143,"Human",8.52,0
144,"Human",7.18,0
145,"Human",7.33,0
146,"Human",9.48,1
147,"Human",6.08,0
148,"Human",8.81,0
149,"Human",4.49,0
150,"Human",8.59,1
151,"Human",5.16,0
152,"Human",6.81,0
153,"Human",7.61,0
154,"Human",7.18,0
155,"Human",7.43,1
156,"Human",7.53,0
157,"Human",8.77,0
158,"Human",6.2,0
159,"Human",9.12,0
160,"Human",7.63,0
161,"Human",8.97,0
162,"Human",9.2,0
163,"Human",5.7,0
164,"Human",6.23,0
165,"Human",8.7,0
166,"Human",8.77,0
167,"Human",5.9,0
168,"Human",8.77,0
169,"Human",9.61,0
170,"Human",9.7,0
171,"Human",6.05,0
172,"Human",6.34,0
173,"Human",6.88,0
174,"Human",3.71,0
175,"Human",3.15,0
176,"Human",7.58,0
177,"Human",7.83,0
178,"Human",8,0
179,"Human",5.94,0
180,"Human",7.87,0
181,"Human",6.92,1
182,"Human",7.5,0
183,"Human",4.16,0
184,"Human",8.69,0
185,"Human",8.81,0
186,"Human",7.72,0
187,"Human",6.05,0
188,"Human",6.58,0
189,"Human",7.41,0
190,"Human",7.92,0
191,"Human",6.92,1
192,"Human",9.07,0
193,"Human",6.06,0
194,"Human",6.42,0
195,"Human",3.6,0
196,"Human",4.68,0
197,"Human",6.56,0
198,"Human",6.93,0
199,"Human",4.95,0
200,"Human",4.89,0
201,"Human",5.82,0
202,"Human",9.08,1
203,"Human",8.19,0
204,"Human",9.14,0
205,"Human",6.99,0
206,"Human",6.97,0
207,"Human",7.65,0
208,"Human",7.92,0
209,"Human",8.23,0
210,"Human",8.61,0
211,"Human",5.5,0
212,"Human",7.81,0
213,"Human",5.1,0
214,"Human",6.5,0
215,"Human",7.76,0
216,"Human",8.34,0
217,"Human",7.32,1
218,"Human",7.57,0
219,"Human",8.7,1
220,"Human",9.78,0
221,"Human",7.3,0
222,"Human",7.18,0
223,"Human",7.72,0
224,"Human",7.73,0
225,"Human",6.81,0
226,"Human",7.79,1
227,"Human",7.78,0
228,"Human",8.1,0
229,"Human",4.02,0
230,"Human",7.9,0
231,"Human",8.89,0
232,"Human",9.49,1
233,"Human",8.6,0
234,"Human",8.79,0
235,"Human",6.63,0
236,"Human",7.18,0
237,"Human",6.39,0
238,"Human",5.1,0
239,"Human",6.11,0
240,"Human",7.66,1
241,"Human",8.82,0
242,"Human",5.42,0
243,"Human",7.06,0
244,"Human",6.78,0
245,"Human",5.33,0
246,"Human",5.59,0
247,"Human",8.42,1
248,"Human",5.2,0
249,"Human",8.45,0
250,"Human",5.3,0
251,"Human",7.98,0
252,"Human",4.5,1
253,"Human",7.94,0
254,"Human",7.36,0
255,"Human",7.39,0
256,"Human",5.52,0
257,"Human",7.46,0
258,"Human",8.18,0
259,"Human",7.18,0
260,"Human",6.98,0
261,"Human",8.08,0
262,"Human",4.71,0
263,"Human",6.68,0
264,"Human",6.93,0
265,"Human",6.55,0
266,"Human",4.89,0
267,"Human",5.62,0
268,"Human",8.17,0
269,"Human",5.63,0
270,"Human",8.36,1
271,"Human",8.33,1
272,"Human",8.03,0
273,"Human",7.2,0
274,"Human",5.5,0
275,"Human",9.33,0
276,"Human",6.76,0
277,"Human",6.45,0
278,"Human",9.5,0
279,"Human",10.43,0
280,"Human",8.2,0
281,"Human",7.05,0
282,"Human",6.43,0
283,"Human",6.02,1
284,"Human",8.11,0
285,"Human",7.11,0
286,"Human",7.61,0
287,"Human",7.13,0
288,"Human",7.18,0
289,"Human",6.49,0
290,"Human",8.46,0
291,"Human",10.16,0
292,"Human",8.41,0
293,"Human",4.52,0
294,"Human",6.29,0
295,"Human",9.38,0
296,"Human",7.57,1
297,"Human",5.97,0
298,"Human",8.37,0
299,"Human",8.13,0
300,"Human",9.18,0
301,"Human",7.03,0
302,"Human",6.9,0
303,"Human",4.72,0
304,"Human",8.93,0
305,"Human",6.11,1
306,"Human",7.06,0
307,"Human",8.04,0
308,"Human",8.22,1
309,"Human",7.87,0
310,"Human",6.65,0
311,"Human",7.68,0
312,"Human",7.28,0
313,"Human",8.04,0
314,"Human",7.72,0
315,"Human",6.63,0
316,"Human",6.33,0
317,"Human",6.67,0
318,"Human",6.61,0
319,"Human",6.12,0
320,"Human",6,0
321,"Human",5.7,0
322,"Human",5.96,0
323,"Human",7.86,0
324,"Human",5.91,1
325,"Human",9.68,0
326,"Human",6.42,0
327,"Human",7.19,0
328,"Human",7.69,0
329,"Human",6.32,0
330,"Human",7.81,1
331,"Human",9.14,0
332,"Human",8.84,0
333,"Human",7.49,0
334,"Human",8.9,0
335,"Human",5.92,1
336,"Human",8.78,0
337,"Human",7.97,0
338,"Human",6.4,0
339,"Human",5.3,0
340,"Human",7.99,0
341,"Human",4.95,0
342,"Human",4.85,0
343,"Human",6.24,0
344,"Human",7.72,0
345,"Human",5.72,0
346,"Human",8.69,0
347,"Human",7.7,0
348,"Human",6.33,0
349,"Human",7.55,0
350,"Human",8.63,0
351,"Human",5.64,0
352,"Human",9.98,0
353,"Human",6.84,0
354,"Human",6.57,0
355,"Human",4.37,0
356,"Human",9.58,0
357,"Human",6.82,0
358,"Human",8.12,0
359,"Human",8.19,0
360,"Human",7.39,0
361,"Human",9.14,0
362,"Human",5.23,0
363,"Human",8.74,0
364,"Human",7.78,1
365,"Human",8.01,0
366,"Human",5.46,0
367,"Human",6.72,0
368,"Human",6.42,0
369,"Human",5.73,0
370,"Human",7.73,0
371,"Human",9.52,0
372,"Human",8.02,0
373,"Human",9.38,0
374,"Human",8.15,0
375,"Human",8.98,0
376,"Human",4.77,0
377,"Human",8.6,0
378,"Human",8.29,0
379,"Human",6.54,0
380,"Human",3.81,0
381,"Human",7.92,0
382,"Human",5.31,0
383,"Human",9.71,0
384,"Human",9.56,0
385,"Human",7.03,0
386,"Human",9.18,1
387,"Human",6.72,0
388,"Human",8.32,0
389,"Human",7.72,0
390,"Human",5.67,0
391,"Human",8.57,0
392,"Human",11.46,1
393,"Human",5.49,0
394,"Human",6.96,0
395,"Human",7.49,1
396,"Human",7.26,0
397,"Human",6.05,0
398,"Human",7.96,0
399,"Human",6.42,0
400,"Human",8.97,0
401,"Human",7.68,0
402,"Human",3.84,0
403,"Human",7.59,0
404,"Human",7.13,0
405,"Human",4.74,0
406,"Human",6.32,0
407,"Human",7.83,0
408,"Human",8.14,0
409,"Human",8.47,0
410,"Human",6.34,0
411,"Human",6.67,0
412,"Human",4.95,0
413,"Human",7.7,0
414,"Human",8.64,0
415,"Human",10.31,0
416,"Human",7.12,0
417,"Human",6.57,1
418,"Human",8.23,1
419,"Human",9.29,0
420,"Human",5.2,0
421,"Human",7.12,0
422,"Human",9.38,1
423,"Human",5.85,0
424,"Human",6.74,1
425,"Human",8.3,0
426,"Human",5.41,0
427,"Human",6.1,0
428,"Human",5.25,0
429,"Human",8.7,0
430,"Human",5.05,1
431,"Human",5.5,0
432,"Human",11.47,0
433,"Human",7.67,0
434,"Human",3.81,1
435,"Human",4.87,0
436,"Human",6.59,0
437,"Human",6.48,0
438,"Human",10.38,0
439,"Human",6.09,0
440,"Human",9.13,0
441,"Human",11.62,0
442,"Human",7.65,0
443,"Human",6.56,1
444,"Human",6.71,0
445,"Human",6.13,0
446,"Human",8.37,0
447,"Human",8.27,1
448,"Human",5.09,0
449,"Human",4.81,0
450,"Human",5.24,0
451,"Human",7.43,0
452,"Human",9.6,0
453,"Human",5.62,0
454,"Human",6.22,0
455,"Human",5.71,0
456,"Human",6.87,0
457,"Human",8.27,0
458,"Human",6.58,0
459,"Human",6.1,0
460,"Human",7.74,0
461,"Human",6.92,0
462,"Human",7.27,0
463,"Human",7.03,0
464,"Human",6.82,0
465,"Human",7.51,0
466,"Human",8.63,0
467,"Human",4.64,0
468,"Human",7.02,0
469,"Human",5.4,0
470,"Human",6.49,0
471,"Human",8.92,0
472,"Human",7.05,0
473,"Human",7.31,0
474,"Human",6.95,0
475,"Human",9.36,0
476,"Human",9.92,0
477,"Human",6.63,1
478,"Human",6.46,0
479,"Human",7.52,0
480,"Human",8.36,1
481,"Human",7.2,0
482,"Human",7.88,0
483,"Human",7.2,0
484,"Human",4.74,0
485,"Human",3.81,0
486,"Human",7.96,0
487,"Human",6.33,0
488,"Human",6.97,1
489,"Human",8.39,0
490,"Human",7.22,0
491,"Human",5.77,0
492,"Human",6.37,0
493,"Human",8.37,0
494,"Human",7.61,0
495,"Human",6.5,1
496,"Human",9.31,0
497,"Human",6.47,0
498,"Human",9.03,0
499,"Human",9.02,0
500,"Human",9.54,0
501,"Human",6.59,0
502,"Human",6.84,0
503,"Human",8.25,0
504,"Human",8.07,0
505,"Human",8.19,1
506,"Human",9.09,0
507,"Human",7.6,0
508,"Human",6.16,0
509,"Human",10.78,0
510,"Human",6.44,0
511,"Human",5.72,0
512,"Human",4.68,0
513,"Human",4.81,0
514,"Human",7.2,0
515,"Human",9.93,0
516,"Human",8.67,0
517,"Human",8.83,0
518,"Human",8.3,0
519,"Human",8.19,1
520,"Human",8.48,0
521,"Human",6.17,0
522,"Human",7.16,0
523,"Human",8.21,0
524,"Human",6.14,0
525,"Human",5.57,0
526,"Human",8.96,0
527,"Human",7.63,0
528,"Human",7.31,0
529,"Human",8.09,1
530,"Human",6.82,0
531,"Human",8.74,0
532,"Human",5.48,0
533,"Human",5.56,0
534,"Human",10.06,0
535,"Human",6.9,0
536,"Human",6.93,0
537,"Human",6.11,0
538,"Human",8.42,0
539,"Human",6.15,0
540,"Human",8.57,1
541,"Human",7.08,0
542,"Human",5.21,0
543,"Human",8.3,0
544,"Human",7.37,0
545,"Human",7.03,1
546,"Human",6.99,0
547,"Human",6.31,0
548,"Human",4.44,0
549,"Human",6.66,0
550,"Human",6.81,0
551,"Human",8.38,0
552,"Human",6.95,0
553,"Human",7.77,0
554,"Human",7.18,0
555,"Human",10.8,0
556,"Human",6.39,0
557,"Human",7.32,0
558,"Human",5.94,1
559,"Human",7.63,0
560,"Human",4.94,0
561,"Human",5.88,0
562,"Human",6.01,0
563,"Human",5.97,0
564,"Human",7.54,0
565,"Human",7.07,0
566,"Human",6.08,0
567,"Human",6.03,0
568,"Human",6.62,0
569,"Human",7.09,0
570,"Human",5.57,0
571,"Human",10.13,0
572,"Human",9.44,0
573,"Human",5.92,0
574,"Human",9.3,0
575,"Human",7.67,0
576,"Human",8.17,0
577,"Human",7.97,0
578,"Human",5.83,0
579,"Human",8.1,1
580,"Human",9.13,0
581,"Human",7.2,1
582,"Human",9.14,0
583,"Human",7.82,0
584,"Human",5.61,1
585,"Human",7.17,0
586,"Human",6.98,0
587,"Human",6.49,0
588,"Human",6.48,0
589,"Human",7.94,0
590,"Human",7.56,0
591,"Human",7.3,0
592,"Human",6.23,0
593,"Human",9.97,0
594,"Human",6.49,0
595,"Human",6.24,0
596,"Human",7.72,0
597,"Human",10.14,0
598,"Human",9.06,0
599,"Human",6.35,1
600,"Human",6.09,0
601,"Human",7.74,0
602,"Human",6.71,0
603,"Human",6.51,1
604,"Human",8.07,0
605,"Human",10.79,0
606,"Human",10.12,0
607,"Human",8.85,0
608,"Human",6.68,0
609,"Human",5.6,0
610,"Human",6.65,1
611,"Human",8.92,0
612,"Human",7.89,1
613,"Human",5.95,0
614,"Human",5.29,0
615,"Human",8.48,0
616,"Human",7.67,0
617,"Human",7.19,0
618,"Human",4.7,0
619,"Human",6.58,0
620,"Human",7.81,0
621,"Human",9.63,1
622,"Human",6.39,0
623,"Human",8.09,0
624,"Human",5.37,0
625,"Human",6.55,1
626,"Human",6.06,1
627,"Human",7.47,0
628,"Human",4.71,0
629,"Human",10.11,0
630,"Human",8.2,0
631,"Human",7.09,0
632,"Human",6.65,0
633,"Human",6.71,0
634,"Human",8.34,0
635,"Human",7.03,0
636,"Human",9.63,0
637,"Human",6.39,0
638,"Human",8.88,0
639,"Human",7.63,0
640,"Human",8.72,0
641,"Human",7.73,1
642,"Human",6.58,0
643,"Human",5.27,0
644,"Human",6.23,0
645,"Human",6.95,0
646,"Human",9.98,0
647,"Human",5.2,0
648,"Human",6.69,0
649,"Human",6.34,0
650,"Human",8.2,0
651,"Human",7.6,0
652,"Human",5.64,0
653,"Human",8.16,0
654,"Human",4.8,0
655,"Human",7.78,0
656,"Human",6.07,0
657,"Human",5.4,0
658,"Human",6.72,0
659,"Human",9.81,0
660,"Human",8.54,0
661,"Human",4.36,0
662,"Human",7.34,0
663,"Human",5.83,0
664,"Human",7.76,0
665,"Human",12.43,0
666,"Human",6.62,0
667,"Human",5.56,0
668,"Human",7.67,0
669,"Human",7.3,0
670,"Human",6.29,0
671,"Human",5.24,0
672,"Human",7.2,0
673,"Human",4.81,0
674,"Human",8.06,0
675,"Human",6.9,0
676,"Human",6.86,0
677,"Human",4.77,1
678,"Human",8.47,0
679,"Human",8.43,0
680,"Human",7.47,0
681,"Human",4.34,0
682,"Human",6.65,0
683,"Human",9.49,0
684,"Human",6.91,0
685,"Human",4.84,0
686,"Human",5.48,0
687,"Human",9.4,0
688,"Human",8.93,0
689,"Human",6.49,0
690,"Human",6.12,0
691,"Human",7.68,0
692,"Human",7.04,1
693,"Human",6.83,0
694,"Human",7.31,0
695,"Human",1.84,0
696,"Human",7.67,0
697,"Human",8.06,0
698,"Human",9.35,0
699,"Human",7.57,0
700,"Human",8.3,0
701,"Human",8.98,0
702,"Human",6.18,0
703,"Human",5.83,0
704,"Human",9.48,0
705,"Human",8.85,0
706,"Human",7.79,1
707,"Human",6.63,0
708,"Human",5.98,0
709,"Human",8.24,1
710,"Human",8.69,0
711,"Human",8.3,0
712,"Human",7.39,0
713,"Human",6.95,0
714,"Human",10.18,0
715,"Human",8.58,0
716,"Human",5.91,0
717,"Human",9.52,0
718,"Human",6.01,0
719,"Human",7.28,0
720,"Human",8.14,1
721,"Human",8.42,0
722,"Human",8.41,0
723,"Human",5.42,0
724,"Human",6.29,0
725,"Human",4.42,0
726,"Human",6.68,0
727,"Human",8.2,0
728,"Human",7.28,0
729,"Human",7.88,0
730,"Human",6.9,1
731,"Human",5.23,0
732,"Human",4.8,0
733,"Human",7.84,0
734,"Human",5.44,0
735,"Human",7.96,0
736,"Human",7.11,0
737,"Human",6.44,0
738,"Human",6.68,0
739,"Human",7.76,0
740,"Human",6.57,0
741,"Human",9.27,0
742,"Human",5.73,0
743,"Human",7.24,0
744,"Human",9.1,0
745,"Human",9,0
746,"Human",9.27,0
747,"Human",6.06,0
748,"Human",7.95,0
749,"Human",5.89,0
750,"Human",7.73,0
751,"Human",8.47,1
752,"Human",4.52,1
753,"Human",6.66,0
754,"Human",7.69,0
755,"Human",5.87,0
756,"Human",7.87,0
757,"Human",6.76,0
758,"Human",8.53,0
759,"Human",8.46,0
760,"Human",7.39,0
761,"Human",6.86,0
762,"Human",5.43,0
763,"Human",5.59,0
764,"Human",5.27,0
765,"Human",9.02,0
766,"Human",8,0
767,"Human",5.76,0
768,"Human",8.12,0
769,"Human",5.15,0
770,"Human",7.09,1
771,"Human",8.46,0
772,"Human",6.61,0
773,"Human",3.68,0
774,"Human",6.82,0
775,"Human",8.66,0
776,"Human",4.24,0
777,"Human",5.05,0
778,"Human",6.33,0
779,"Human",8.18,0
780,"Human",7.29,0
781,"Human",5.07,0
782,"Human",6.9,0
783,"Human",7.23,0
784,"Human",6.76,1
785,"Human",8.4,0
786,"Human",4.17,0
787,"Human",5.73,0
788,"Human",3.93,0
789,"Human",7.53,0
790,"Human",7.72,0
791,"Human",6.65,0
792,"Human",8.26,0
793,"Human",7.06,0
794,"Human",7.85,0
795,"Human",7.94,0
796,"Human",7.46,0
797,"Human",4.53,0
798,"Human",5.72,0
799,"Human",8.13,0
800,"Human",8.27,0
801,"Human",6.41,0
802,"Human",5.81,0
803,"Human",5.8,0
804,"Human",5.9,0
805,"Human",7.03,0
806,"Human",7.74,0
807,"Human",7.36,0
808,"Human",8.2,0
809,"Human",6.91,0
810,"Human",7.87,0
811,"Human",6.69,1
812,"Human",5.97,0
813,"Human",7.55,0
814,"Human",3.81,0
815,"Human",7.86,1
816,"Human",7.15,0
817,"Human",8.97,0
818,"Human",7.47,0
819,"Human",10.2,0
820,"Human",7.81,0
821,"Human",6.77,0
822,"Human",6.04,0
823,"Human",7.96,0
824,"Human",6.3,0
825,"Human",5.58,0
826,"Human",6.49,0
827,"Human",5.83,0
828,"Human",8.47,0
829,"Human",6.56,0
830,"Human",4.96,0
831,"Human",9.13,0
832,"Human",7.66,0
833,"Human",7.01,0
834,"Human",3.75,1
835,"Human",8.09,0
836,"Human",7.78,0
837,"Human",6.09,0
838,"Human",8.16,0
839,"Human",8.12,0
840,"Human",7.16,0
841,"Human",7.55,0
842,"Human",8.59,0
843,"Human",5.36,0
844,"Human",7.38,0
845,"Human",8.28,0
846,"Human",3.86,0
847,"Human",7.9,0
848,"Human",5.32,0
849,"Human",6.57,0
850,"Human",6.62,1
851,"Human",7.23,0
852,"Human",7.24,0
853,"Human",8.39,0
854,"Human",8.23,1
855,"Human",8.3,0
856,"Human",8.45,0
857,"Human",6.37,1
858,"Human",4.63,0
859,"Human",5.73,0
860,"Human",6.96,0
861,"Human",6.78,0
862,"Human",5.49,0
863,"Human",7.22,0
864,"Human",6.35,0
865,"Human",6.85,0
866,"Human",5.36,0
867,"Human",6.02,0
868,"Human",8.47,0
869,"Human",7.55,1
870,"Human",5.94,0
871,"Human",7.82,0
872,"Human",4.64,0
873,"Human",5.05,0
874,"Human",5.11,0
875,"Human",5.69,0
876,"Human",5.56,0
877,"Human",6.66,1
878,"Human",6.24,0
879,"Human",8.35,0
880,"Human",6.61,1
881,"Human",5.91,1
882,"Human",6.78,0
883,"Human",5.49,0
884,"Human",4.38,1
885,"Human",6.01,0
886,"Human",4.89,1
887,"Human",8.04,0
888,"Human",9.41,0
889,"Human",7.49,0
890,"Human",5.94,0
891,"Human",7.01,0
892,"Human",6.18,0
893,"Human",9.12,1
894,"Human",6.55,0
895,"Human",7.56,1
896,"Human",7.87,0
897,"Human",9.51,0
898,"Human",6.23,0
899,"Human",3.79,0
900,"Human",8.97,0
901,"Human",9.46,0
902,"Human",7.78,1
903,"Human",7.36,0
904,"Human",6.42,0
905,"Human",8.25,0
906,"Human",7.03,0
907,"Human",5.81,0
908,"Human",7.91,0
909,"Human",8.43,0
910,"Human",4.15,0
911,"Human",5.54,0
912,"Human",8.74,0
913,"Human",4.97,0
914,"Human",7.46,0
915,"Human",6.6,0
916,"Human",8.99,0
917,"Human",6.96,0
918,"Human",6.95,0
919,"Human",7.63,0
920,"Human",6.14,0
921,"Human",8.78,0
922,"Human",7.56,0
923,"Human",7.46,0
924,"Human",7.96,0
925,"Human",5.7,0
926,"Human",6.96,0
927,"Human",7.09,0
928,"Human",7.83,1
929,"Human",8.42,1
930,"Human",6.29,0
931,"Human",5.71,0
932,"Human",7.34,0
933,"Human",5.8,0
934,"Human",10.29,0
935,"Human",7.83,0
936,"Human",5.42,0
937,"Human",4.97,0
938,"Human",7.77,0
939,"Human",8.11,0
940,"Human",4.37,1
941,"Human",5.19,0
942,"Human",7.79,0
943,"Human",7.53,0
944,"Human",2.52,0
945,"Human",9.64,0
946,"Human",5.62,0
947,"Human",7.48,1
948,"Human",6.25,0
949,"Human",7.44,1
950,"Human",6.2,0
951,"Human",7.89,1
952,"Human",7.96,0
953,"Human",6.64,0
954,"Human",7.68,0
955,"Human",5.3,0
956,"Human",7.89,0
957,"Human",6.27,0
958,"Human",8.57,0
959,"Human",6.42,0
960,"Human",8.98,0
961,"Human",10.23,1
962,"Human",7.95,0
963,"Human",7.24,0
964,"Human",5.93,0
965,"Human",7.9,1
966,"Human",5.87,0
967,"Human",6.25,0
968,"Human",6.14,0
969,"Human",7.68,0
970,"Human",7.63,0
971,"Human",7.84,0
972,"Human",4.97,0
973,"Human",7.52,1
974,"Human",7.86,0
975,"Human",4.68,0
976,"Human",5.48,0
977,"Human",6.86,0
978,"Human",5.25,0
979,"Human",6.17,0
980,"Human",7.48,0
981,"Human",6.36,0
982,"Human",7.76,0
983,"Human",7.9,0
984,"Human",6.86,0
985,"Human",8.18,0
986,"Human",7.65,0
987,"Human",9.46,0
988,"Human",8.22,0
989,"Human",8.06,0
990,"Human",5.72,0
991,"Human",5.07,0
992,"Human",6.54,0
993,"Human",5.87,0
994,"Human",6.69,0
995,"Human",7.32,0
996,"Human",7.51,0
997,"Human",4.95,0
998,"Human",5.38,0
999,"Human",7.27,0
1000,"Human",6.23,1
1001,"Machine",3.05,0
1002,"Machine",3.64,0
1003,"Machine",3.76,0
1004,"Machine",3.03,0
1005,"Machine",0.67,0
1006,"Machine",3.94,0
1007,"Machine",2.8,0
1008,"Machine",3.57,0
1009,"Machine",3.22,0
1010,"Machine",2.63,0
1011,"Machine",2.67,0
1012,"Machine",3.04,0
1013,"Machine",4.83,0
1014,"Machine",1.09,0
1015,"Machine",1.64,0
1016,"Machine",4.62,0
1017,"Machine",2.26,0
1018,"Machine",0.64,0
1019,"Machine",4.29,0
1020,"Machine",1.52,0
1021,"Machine",4.32,0
1022,"Machine",4.95,0
1023,"Machine",2.64,0
1024,"Machine",2.28,0
1025,"Machine",2.93,0
1026,"Machine",3.91,0
1027,"Machine",2.03,0
1028,"Machine",4.75,0
1029,"Machine",3.27,1
1030,"Machine",2.42,0
1031,"Machine",0.82,0
1032,"Machine",4.64,0
1033,"Machine",0.72,1
1034,"Machine",3.58,0
1035,"Machine",3.27,0
1036,"Machine",4.83,0
1037,"Machine",4.59,0
1038,"Machine",1.64,0
1039,"Machine",4.17,0
1040,"Machine",2.8,0
1041,"Machine",2.09,0
1042,"Machine",4.35,0
1043,"Machine",3.22,0
1044,"Machine",0.22,0
1045,"Machine",4.82,0
1046,"Machine",2.67,1
1047,"Machine",0.73,0
1048,"Machine",1.76,0
1049,"Machine",2.1,0
1050,"Machine",2.56,0
1051,"Machine",4.12,0
1052,"Machine",3.64,0
1053,"Machine",0.36,0
1054,"Machine",2.75,0
1055,"Machine",1.57,1
1056,"Machine",2.1,0
1057,"Machine",3.9,0
1058,"Machine",3.76,0
1059,"Machine",1.22,0
1060,"Machine",5.38,0
1061,"Machine",2.01,0
1062,"Machine",0.86,0
1063,"Machine",3.93,0
1064,"Machine",2.96,0
1065,"Machine",2.4,0
1066,"Machine",2.34,0
1067,"Machine",1.18,0
1068,"Machine",4.56,0
1069,"Machine",4.02,0
1070,"Machine",2.65,0
1071,"Machine",2.41,0
1072,"Machine",3.25,0
1073,"Machine",1.48,0
1074,"Machine",4.99,0
1075,"Machine",2.51,0
1076,"Machine",1.97,0
1077,"Machine",0.57,0
1078,"Machine",2.13,0
1079,"Machine",0.66,0
1080,"Machine",4.13,0
1081,"Machine",2.87,0
1082,"Machine",0.8,0
1083,"Machine",1.64,0
1084,"Machine",3.35,0
1085,"Machine",2.77,0
1086,"Machine",0.6,1
1087,"Machine",0.97,0
1088,"Machine",2.83,0
1089,"Machine",2.55,0
1090,"Machine",1.71,0
1091,"Machine",1.85,0
1092,"Machine",2.58,0
1093,"Machine",1.25,0
1094,"Machine",3.68,0
1095,"Machine",3.5,0
1096,"Machine",5.8,0
1097,"Machine",4.56,0
1098,"Machine",0.99,0
1099,"Machine",2.74,1
1100,"Machine",4.77,0
1101,"Machine",6.36,0
1102,"Machine",3.56,0
1103,"Machine",4.06,0
1104,"Machine",3.07,0
1105,"Machine",2.73,0
1106,"Machine",5.69,0
1107,"Machine",3.05,0
1108,"Machine",2.55,0
1109,"Machine",5.48,0
1110,"Machine",3.22,0
1111,"Machine",0.9,0
1112,"Machine",3.96,0
1113,"Machine",0.83,0
1114,"Machine",2.12,0
1115,"Machine",2.36,0
1116,"Machine",2.53,0
1117,"Machine",1.34,0
1118,"Machine",4.26,0
1119,"Machine",2.52,1
1120,"Machine",1.8,0
1121,"Machine",5.3,0
1122,"Machine",4.36,0
1123,"Machine",1.9,0
1124,"Machine",4.22,0
1125,"Machine",0.99,0
1126,"Machine",2.1,0
1127,"Machine",5.39,0
1128,"Machine",2.43,0
1129,"Machine",3.45,0
1130,"Machine",3.45,0
1131,"Machine",4.57,0
1132,"Machine",1.46,0
1133,"Machine",1.96,0
1134,"Machine",2.65,0
1135,"Machine",1.2,0
1136,"Machine",6.05,0
1137,"Machine",2.45,0
1138,"Machine",0.96,0
1139,"Machine",1,0
1140,"Machine",0.56,0
1141,"Machine",6.89,0
1142,"Machine",4.02,0
1143,"Machine",3.03,0
1144,"Machine",2.64,0
1145,"Machine",2.67,0
1146,"Machine",1.61,0
1147,"Machine",1.67,0
1148,"Machine",1.66,0
1149,"Machine",3.01,0
1150,"Machine",5.27,0
1151,"Machine",1.03,0
1152,"Machine",5.34,0
1153,"Machine",6.28,0
1154,"Machine",5.85,0
1155,"Machine",0.06,0
1156,"Machine",0.18,0
1157,"Machine",4.4,0
1158,"Machine",2.15,0
1159,"Machine",3.73,0
1160,"Machine",1.92,0
1161,"Machine",1.06,1
1162,"Machine",2.17,0
1163,"Machine",4.58,0
1164,"Machine",2.61,0
1165,"Machine",4.19,1
1166,"Machine",2.45,0
1167,"Machine",5.03,0
1168,"Machine",3.88,0
1169,"Machine",0.46,0
1170,"Machine",5.33,0
1171,"Machine",2.19,0
1172,"Machine",0.52,0
1173,"Machine",3.53,0
1174,"Machine",2.67,0
1175,"Machine",4.48,0
1176,"Machine",5.02,0
1177,"Machine",6.82,0
1178,"Machine",0.84,0
1179,"Machine",3.13,0
1180,"Machine",0.38,0
1181,"Machine",1.93,0
1182,"Machine",4.42,0
1183,"Machine",1.4,0
1184,"Machine",4.14,0
1185,"Machine",3.07,0
1186,"Machine",2.81,0
1187,"Machine",3.23,0
1188,"Machine",5.16,0
1189,"Machine",2.88,0
1190,"Machine",3.03,0
1191,"Machine",3.75,0
1192,"Machine",2.62,0
1193,"Machine",3.33,0
1194,"Machine",5.81,0
1195,"Machine",2.76,0
1196,"Machine",5.83,0
1197,"Machine",2.48,0
1198,"Machine",2.5,0
1199,"Machine",2.52,0
1200,"Machine",2.21,0
1201,"Machine",2.31,0
1202,"Machine",1.96,0
1203,"Machine",3.81,0
1204,"Machine",4.31,1
1205,"Machine",4.48,0
1206,"Machine",2.22,0
1207,"Machine",4.5,1
1208,"Machine",5.03,0
1209,"Machine",4.16,0
1210,"Machine",2.43,0
1211,"Machine",1.58,0
1212,"Machine",1.47,0
1213,"Machine",7.27,0
1214,"Machine",6.91,0
1215,"Machine",4,0
1216,"Machine",1.22,0
1217,"Machine",4,0
1218,"Machine",4.05,0
1219,"Machine",0.63,0
1220,"Machine",1.65,0
1221,"Machine",0.8,0
1222,"Machine",1.22,0
1223,"Machine",2.49,0
1224,"Machine",4.27,0
1225,"Machine",1.88,0
1226,"Machine",4.88,0
1227,"Machine",3.34,0
1228,"Machine",1.18,0
1229,"Machine",3.06,0
1230,"Machine",3.77,0
1231,"Machine",4.97,0
1232,"Machine",2.93,0
1233,"Machine",2.43,0
1234,"Machine",1.85,1
1235,"Machine",3.05,0
1236,"Machine",3.19,0
1237,"Machine",2.49,0
1238,"Machine",4.48,0
1239,"Machine",0.72,0
1240,"Machine",0.37,0
1241,"Machine",3.08,0
1242,"Machine",5.07,0
1243,"Machine",1.15,0
1244,"Machine",5.73,0
1245,"Machine",2.39,0
1246,"Machine",2.8,0
1247,"Machine",4.49,0
1248,"Machine",0.47,0
1249,"Machine",4.77,0
1250,"Machine",1.92,0
1251,"Machine",3.18,0
1252,"Machine",2.17,0
1253,"Machine",3.03,0
1254,"Machine",1.21,0
1255,"Machine",4.54,0
1256,"Machine",3.11,0
1257,"Machine",1.35,0
1258,"Machine",1.43,0
1259,"Machine",2.01,0
1260,"Machine",4.15,0
1261,"Machine",0.04,0
1262,"Machine",4.81,0
1263,"Machine",3.96,0
1264,"Machine",3.78,0
1265,"Machine",0.68,0
1266,"Machine",2.24,0
1267,"Machine",6.31,0
1268,"Machine",5.93,0
1269,"Machine",6.02,0
1270,"Machine",2.07,0
1271,"Machine",1.26,0
1272,"Machine",1.8,0
1273,"Machine",2.62,0
1274,"Machine",2.79,0
1275,"Machine",4.4,0
1276,"Machine",5.32,0
1277,"Machine",4.86,0
1278,"Machine",3.71,0
1279,"Machine",1.77,0
1280,"Machine",3.45,0
1281,"Machine",0.91,0
1282,"Machine",2.89,0
1283,"Machine",4.85,0
1284,"Machine",1.19,0
1285,"Machine",1.5,0
1286,"Machine",2.53,0
1287,"Machine",3.2,0
1288,"Machine",2.63,1
1289,"Machine",3.64,0
1290,"Machine",4.93,0
1291,"Machine",3.37,0
1292,"Machine",3.26,0
1293,"Machine",1.81,0
1294,"Machine",1.14,0
1295,"Machine",3.26,0
1296,"Machine",4.99,0
1297,"Machine",3.19,0
1298,"Machine",3.57,1
1299,"Machine",2.05,0
1300,"Machine",2.44,0
1301,"Machine",1.87,0
1302,"Machine",2.96,0
1303,"Machine",2.01,0
1304,"Machine",3.18,0
1305,"Machine",3.2,0
1306,"Machine",4.42,0
1307,"Machine",6.4,0
1308,"Machine",0.51,0
1309,"Machine",3.29,0
1310,"Machine",1.84,0
1311,"Machine",2.28,0
1312,"Machine",6.82,0
1313,"Machine",0.63,0
1314,"Machine",4.64,0
1315,"Machine",2.02,0
1316,"Machine",1.83,0
1317,"Machine",1.42,0
1318,"Machine",3.29,0
1319,"Machine",6.65,0
1320,"Machine",0.37,0
1321,"Machine",1.12,0
1322,"Machine",4.32,0
1323,"Machine",2.87,0
1324,"Machine",5.17,0
1325,"Machine",4.53,0
1326,"Machine",3.34,0
1327,"Machine",2.06,0
1328,"Machine",1.87,0
1329,"Machine",5.1,0
1330,"Machine",3.09,0
1331,"Machine",1.93,0
1332,"Machine",2.85,0
1333,"Machine",1.35,0
1334,"Machine",3.3,0
1335,"Machine",3.28,0
1336,"Machine",4.75,0
1337,"Machine",2.94,0
1338,"Machine",0.8,0
1339,"Machine",4.55,0
1340,"Machine",6.4,0
1341,"Machine",1.86,0
1342,"Machine",3.87,0
1343,"Machine",1.42,0
1344,"Machine",5.37,0
1345,"Machine",0.73,0
1346,"Machine",1.46,0
1347,"Machine",4.6,0
1348,"Machine",2.27,0
1349,"Machine",3.41,0
1350,"Machine",4.41,0
1351,"Machine",6.44,0
1352,"Machine",1.54,0
1353,"Machine",1.01,0
1354,"Machine",3.27,0
1355,"Machine",4.17,0
1356,"Machine",3.82,0
1357,"Machine",5.76,0
1358,"Machine",5.13,0
1359,"Machine",3.65,0
1360,"Machine",6.68,0
1361,"Machine",4.75,0
1362,"Machine",3.99,1
1363,"Machine",6.6,0
1364,"Machine",1.05,0
1365,"Machine",3.89,0
1366,"Machine",2.47,0
1367,"Machine",3.68,0
1368,"Machine",3.49,0
1369,"Machine",1.29,0
1370,"Machine",0.8,0
1371,"Machine",3.99,0
1372,"Machine",1.18,0
1373,"Machine",1.91,0
1374,"Machine",1.74,0
1375,"Machine",3.33,0
1376,"Machine",3.76,0
1377,"Machine",5.44,0
1378,"Machine",3.41,0
1379,"Machine",3.26,0
1380,"Machine",2.45,0
1381,"Machine",2.46,0
1382,"Machine",4.21,0
1383,"Machine",3.39,0
1384,"Machine",4.43,0
1385,"Machine",2.86,0
1386,"Machine",3.93,0
1387,"Machine",4.19,0
1388,"Machine",0.89,0
1389,"Machine",2.67,0
1390,"Machine",0.32,0
1391,"Machine",4.48,0
1392,"Machine",4.31,0
1393,"Machine",0.94,0
1394,"Machine",1.91,0
1395,"Machine",0.32,0
1396,"Machine",0.31,0
1397,"Machine",3.45,0
1398,"Machine",2.62,0
1399,"Machine",1.94,0
1400,"Machine",4.26,0
1401,"Machine",3.74,0
1402,"Machine",7.12,0
1403,"Machine",3.49,0
1404,"Machine",1.51,0
1405,"Machine",1.07,0
1406,"Machine",0.51,0
1407,"Machine",3.83,0
1408,"Machine",3.74,0
1409,"Machine",3.65,0
1410,"Machine",3.17,0
1411,"Machine",3.13,0
1412,"Machine",1.17,0
1413,"Machine",3.88,0
1414,"Machine",0.06,1
1415,"Machine",1.76,0
1416,"Machine",3.35,0
1417,"Machine",3.73,0
1418,"Machine",2.72,0
1419,"Machine",2.28,0
1420,"Machine",3.13,0
1421,"Machine",3.76,0
1422,"Machine",1.73,0
1423,"Machine",4.13,0
1424,"Machine",5.31,0
1425,"Machine",1.02,0
1426,"Machine",4.44,0
1427,"Machine",3.33,0
1428,"Machine",2.67,0
1429,"Machine",3.68,0
1430,"Machine",3.88,0
1431,"Machine",1.21,0
1432,"Machine",0.07,0
1433,"Machine",3.1,0
1434,"Machine",4.18,0
1435,"Machine",1.87,0
1436,"Machine",3.34,0
1437,"Machine",3.18,0
1438,"Machine",1.94,0
1439,"Machine",1.64,0
1440,"Machine",4.23,0
1441,"Machine",4.39,0
1442,"Machine",3.26,0
1443,"Machine",2.85,0
1444,"Machine",0.54,0
1445,"Machine",3.01,0
1446,"Machine",2.27,0
1447,"Machine",4.55,0
1448,"Machine",2.57,0
1449,"Machine",0.59,0
1450,"Machine",2.99,0
1451,"Machine",2.86,0
1452,"Machine",3.06,0
1453,"Machine",4.92,0
1454,"Machine",2.78,0
1455,"Machine",0.77,1
1456,"Machine",1.76,0
1457,"Machine",1.53,0
1458,"Machine",1.88,0
1459,"Machine",4.81,0
1460,"Machine",0.96,0
1461,"Machine",0.99,0
1462,"Machine",2.25,0
1463,"Machine",2.66,0
1464,"Machine",1.87,0
1465,"Machine",0.72,0
1466,"Machine",1.7,0
1467,"Machine",3.6,0
1468,"Machine",5.57,0
1469,"Machine",3.61,0
1470,"Machine",0.99,0
1471,"Machine",2.9,0
1472,"Machine",2.82,0
1473,"Machine",2.28,0
1474,"Machine",5.71,0
1475,"Machine",2.58,0
1476,"Machine",1.12,0
1477,"Machine",1.7,0
1478,"Machine",2.68,0
1479,"Machine",2,0
1480,"Machine",2.05,0
1481,"Machine",1.77,0
1482,"Machine",1.86,0
1483,"Machine",4.65,0
1484,"Machine",5.37,0
1485,"Machine",2.89,0
1486,"Machine",2.97,0
1487,"Machine",1.31,0
1488,"Machine",3.48,0
1489,"Machine",0.33,0
1490,"Machine",4.18,0
1491,"Machine",2.82,0
1492,"Machine",3.76,0
1493,"Machine",0.62,0
1494,"Machine",3.39,0
1495,"Machine",3.09,0
1496,"Machine",3.51,0
1497,"Machine",3.52,0
1498,"Machine",1.96,0
1499,"Machine",1.61,0
1500,"Machine",1.95,0
1501,"Machine",4.21,0
1502,"Machine",2.56,0
1503,"Machine",3.92,0
1504,"Machine",6.43,0
1505,"Machine",0.7,0
1506,"Machine",5.08,0
1507,"Machine",6.12,0
1508,"Machine",4.98,0
1509,"Machine",3.7,0
1510,"Machine",2.55,0
1511,"Machine",2.05,0
1512,"Machine",6.06,0
1513,"Machine",3.51,0
1514,"Machine",5.53,0
1515,"Machine",4.89,0
1516,"Machine",3.17,0
1517,"Machine",1.27,0
1518,"Machine",1.9,1
1519,"Machine",2.09,0
1520,"Machine",1.9,0
1521,"Machine",3.6,0
1522,"Machine",2.71,0
1523,"Machine",2.5,0
1524,"Machine",5.28,0
1525,"Machine",4.62,0
1526,"Machine",3.07,0
1527,"Machine",3.04,0
1528,"Machine",3.21,0
1529,"Machine",2.8,1
1530,"Machine",2.34,0
1531,"Machine",4.59,1
1532,"Machine",4.63,0
1533,"Machine",2.32,0
1534,"Machine",2.92,0
1535,"Machine",0.95,0
1536,"Machine",4.06,0
1537,"Machine",4.45,0
1538,"Machine",4.94,0
1539,"Machine",3.69,0
1540,"Machine",2.83,0
1541,"Machine",0.64,0
1542,"Machine",0.11,0
1543,"Machine",0.47,0
1544,"Machine",4.55,0
1545,"Machine",2.56,0
1546,"Machine",3.51,0
1547,"Machine",3.92,0
1548,"Machine",4.65,0
1549,"Machine",6.92,0
1550,"Machine",0.17,0
1551,"Machine",3.08,0
1552,"Machine",4.16,0
1553,"Machine",4.96,0
1554,"Machine",4.72,0
1555,"Machine",3.86,0
1556,"Machine",4.9,0
1557,"Machine",2.91,0
1558,"Machine",0.37,0
1559,"Machine",2.44,0
1560,"Machine",4.66,0
1561,"Machine",1.47,0
1562,"Machine",1.98,0
1563,"Machine",2.43,0
1564,"Machine",3.07,0
1565,"Machine",3.03,0
1566,"Machine",3.19,0
1567,"Machine",1.97,0
1568,"Machine",2.35,0
1569,"Machine",1.56,0
1570,"Machine",1.91,0
1571,"Machine",0.19,0
1572,"Machine",5.28,0
1573,"Machine",1.77,0
1574,"Machine",1.03,0
1575,"Machine",2.37,0
1576,"Machine",1.79,0
1577,"Machine",2.82,0
1578,"Machine",3.18,0
1579,"Machine",2.61,0
1580,"Machine",1.61,0
1581,"Machine",5.82,0
1582,"Machine",2.53,0
1583,"Machine",2.05,0
1584,"Machine",2.64,0
1585,"Machine",4.29,0
1586,"Machine",3.18,0
1587,"Machine",2.7,0
1588,"Machine",4.37,0
1589,"Machine",2.87,0
1590,"Machine",2.74,0
1591,"Machine",6.42,0
1592,"Machine",2.62,0
1593,"Machine",3.13,0
1594,"Machine",3.87,0
1595,"Machine",3.36,0
1596,"Machine",0.58,0
1597,"Machine",5.85,0
1598,"Machine",3.18,0
1599,"Machine",2.19,0
1600,"Machine",2.59,0
1601,"Machine",0.11,0
1602,"Machine",0.5,0
1603,"Machine",0.15,0
1604,"Machine",2.77,0
1605,"Machine",1.98,0
1606,"Machine",2.53,0
1607,"Machine",3.88,0
1608,"Machine",2.49,0
1609,"Machine",3.27,0
1610,"Machine",2.6,0
1611,"Machine",0.34,1
1612,"Machine",4.1,0
1613,"Machine",3.99,0
1614,"Machine",2.37,0
1615,"Machine",3.69,0
1616,"Machine",3.05,0
1617,"Machine",1.8,0
1618,"Machine",2.16,0
1619,"Machine",2.79,0
1620,"Machine",1.33,0
1621,"Machine",6.06,0
1622,"Machine",3.55,0
1623,"Machine",1.65,0
1624,"Machine",4.14,0
1625,"Machine",1.42,0
1626,"Machine",3.87,0
1627,"Machine",4.5,0
1628,"Machine",2.21,0
1629,"Machine",1.02,0
1630,"Machine",1.17,0
1631,"Machine",2.58,0
1632,"Machine",3.64,0
1633,"Machine",1.91,0
1634,"Machine",4.45,0
1635,"Machine",3.28,0
1636,"Machine",0.78,0
1637,"Machine",5.32,0
1638,"Machine",2.22,0
1639,"Machine",3.12,1
1640,"Machine",5.58,0
1641,"Machine",2.29,0
1642,"Machine",2.5,0
1643,"Machine",3.11,0
1644,"Machine",2.83,0
1645,"Machine",2.67,0
1646,"Machine",2.85,0
1647,"Machine",4.48,0
1648,"Machine",2.22,0
1649,"Machine",4.41,0
1650,"Machine",3.24,0
1651,"Machine",3.04,1
1652,"Machine",1.66,0
1653,"Machine",3.63,0
1654,"Machine",2.34,0
1655,"Machine",2.14,1
1656,"Machine",2.51,0
1657,"Machine",3.89,0
1658,"Machine",2.96,0
1659,"Machine",2.09,0
1660,"Machine",3.64,0
1661,"Machine",1.26,0
1662,"Machine",5.08,0
1663,"Machine",2.93,0
1664,"Machine",5.96,0
1665,"Machine",6.51,0
1666,"Machine",2.96,1
1667,"Machine",4,0
1668,"Machine",3.76,0
1669,"Machine",3.13,0
1670,"Machine",4.34,0
1671,"Machine",1.56,0
1672,"Machine",3.47,0
1673,"Machine",2.52,0
1674,"Machine",1.94,0
1675,"Machine",2.44,0
1676,"Machine",0.64,1
1677,"Machine",2.86,0
1678,"Machine",4.63,0
1679,"Machine",2.81,0
1680,"Machine",2.71,0
1681,"Machine",1.55,0
1682,"Machine",4.09,0
1683,"Machine",4.95,0
1684,"Machine",3.82,0
1685,"Machine",5.08,0
1686,"Machine",4.51,1
1687,"Machine",3.44,0
1688,"Machine",1.97,0
1689,"Machine",3.12,0
1690,"Machine",2.75,0
1691,"Machine",2.9,0
1692,"Machine",3.58,0
1693,"Machine",1.94,0
1694,"Machine",3.71,0
1695,"Machine",0.02,0
1696,"Machine",3.86,0
1697,"Machine",6.07,0
1698,"Machine",3.12,0
1699,"Machine",1.28,0
1700,"Machine",3.77,1
1701,"Machine",1.33,0
1702,"Machine",2.9,0
1703,"Machine",2.2,0
1704,"Machine",0.15,0
1705,"Machine",3.58,0
1706,"Machine",1.04,0
1707,"Machine",4.6,0
1708,"Machine",3.88,0
1709,"Machine",1.89,0
1710,"Machine",4.41,0
1711,"Machine",1.2,0
1712,"Machine",4.14,1
1713,"Machine",3.92,0
1714,"Machine",3.45,0
1715,"Machine",0.27,0
1716,"Machine",1.92,0
1717,"Machine",2.07,0
1718,"Machine",4.42,0
1719,"Machine",0.61,0
1720,"Machine",0.23,0
1721,"Machine",4.46,0
1722,"Machine",0.58,0
1723,"Machine",1.84,0
1724,"Machine",3.65,0
1725,"Machine",2.59,0
1726,"Machine",3.03,0
1727,"Machine",1.61,0
1728,"Machine",5.8,0
1729,"Machine",0.58,0
1730,"Machine",0.93,0
1731,"Machine",0.87,0
1732,"Machine",2.1,0
1733,"Machine",4.22,0
1734,"Machine",4.32,0
1735,"Machine",1.07,0
1736,"Machine",4.64,0
1737,"Machine",2.15,0
1738,"Machine",3.12,0
1739,"Machine",5.33,0
1740,"Machine",4.31,0
1741,"Machine",1.61,0
1742,"Machine",4.64,0
1743,"Machine",1.92,0
1744,"Machine",3.26,0
1745,"Machine",2.55,0
1746,"Machine",0.74,0
1747,"Machine",4.14,0
1748,"Machine",3.55,0
1749,"Machine",4.94,0
1750,"Machine",2.94,0
1751,"Machine",3.52,0
1752,"Machine",5.68,0
1753,"Machine",2.63,0
1754,"Machine",2.68,0
1755,"Machine",3.67,0
1756,"Machine",3.08,0
1757,"Machine",2.37,0
1758,"Machine",2.03,0
1759,"Machine",1.26,0
1760,"Machine",3.86,1
1761,"Machine",2.96,1
1762,"Machine",4.08,0
1763,"Machine",2.18,0
1764,"Machine",2.22,0
1765,"Machine",2.58,1
1766,"Machine",2.68,0
1767,"Machine",3.49,0
1768,"Machine",0.33,0
1769,"Machine",2.84,0
1770,"Machine",5.36,1
1771,"Machine",3.09,0
1772,"Machine",3.17,0
1773,"Machine",3.09,0
1774,"Machine",4.94,0
1775,"Machine",0.08,0
1776,"Machine",1.77,0
1777,"Machine",2.38,0
1778,"Machine",3.72,0
1779,"Machine",3.52,0
1780,"Machine",2.39,0
1781,"Machine",2.21,0
1782,"Machine",1.01,0
1783,"Machine",1.41,0
1784,"Machine",2.5,0
1785,"Machine",1.25,0
1786,"Machine",2.61,0
1787,"Machine",3.99,0
1788,"Machine",3.91,0
1789,"Machine",1.73,0
1790,"Machine",2.27,0
1791,"Machine",5.2,0
1792,"Machine",0.05,0
1793,"Machine",0.73,0
1794,"Machine",3.55,0
1795,"Machine",4.61,0
1796,"Machine",5.57,0
1797,"Machine",4.08,0
1798,"Machine",4.31,0
1799,"Machine",4.04,0
1800,"Machine",0.65,0
1801,"Machine",0.69,0
1802,"Machine",4.36,0
1803,"Machine",0.47,0
1804,"Machine",2.76,0
1805,"Machine",3.69,0
1806,"Machine",5.55,0
1807,"Machine",4.09,0
1808,"Machine",1.83,0
1809,"Machine",4.42,0
1810,"Machine",2.57,0
1811,"Machine",1.71,1
1812,"Machine",1.96,0
1813,"Machine",2.81,0
1814,"Machine",3.02,0
1815,"Machine",5.05,1
1816,"Machine",3.97,0
1817,"Machine",6.37,0
1818,"Machine",3.9,0
1819,"Machine",3.08,0
1820,"Machine",3.8,0
1821,"Machine",6.03,0
1822,"Machine",2.78,0
1823,"Machine",1.66,0
1824,"Machine",3.57,0
1825,"Machine",2.6,0
1826,"Machine",7.47,0
1827,"Machine",2.31,0
1828,"Machine",5.38,0
1829,"Machine",2.43,0
1830,"Machine",2.62,0
1831,"Machine",1.84,0
1832,"Machine",3.6,0
1833,"Machine",3.88,0
1834,"Machine",3.44,0
1835,"Machine",2.85,0
1836,"Machine",1.82,0
1837,"Machine",4.44,0
1838,"Machine",2.82,0
1839,"Machine",0.86,0
1840,"Machine",1.88,0
1841,"Machine",4.69,0
1842,"Machine",0.61,0
1843,"Machine",3.02,0
1844,"Machine",6.09,0
1845,"Machine",5.33,0
1846,"Machine",3.58,0
1847,"Machine",4.41,0
1848,"Machine",1.63,0
1849,"Machine",4.19,0
1850,"Machine",0.92,0
1851,"Machine",1.54,0
1852,"Machine",3.86,0
1853,"Machine",4.41,0
1854,"Machine",1.26,0
1855,"Machine",2.18,0
1856,"Machine",1.78,0
1857,"Machine",3.47,0
1858,"Machine",5.41,0
1859,"Machine",3.47,0
1860,"Machine",3.96,0
1861,"Machine",4.07,0
1862,"Machine",3.71,0
1863,"Machine",2.96,0
1864,"Machine",4.11,0
1865,"Machine",5.75,0
1866,"Machine",3.19,1
1867,"Machine",2.02,0
1868,"Machine",2.74,0
1869,"Machine",1.42,0
1870,"Machine",2.34,0
1871,"Machine",2.7,0
1872,"Machine",2.41,0
1873,"Machine",5.26,0
1874,"Machine",4.72,0
1875,"Machine",2.12,0
1876,"Machine",1.72,0
1877,"Machine",4.09,0
1878,"Machine",0.51,0
1879,"Machine",2.53,0
1880,"Machine",2.84,0
1881,"Machine",3.59,0
1882,"Machine",3.9,0
1883,"Machine",4.01,0
1884,"Machine",2.13,0
1885,"Machine",1.13,0
1886,"Machine",2.04,0
1887,"Machine",4.48,0
1888,"Machine",1.83,0
1889,"Machine",3.51,0
1890,"Machine",3.17,1
1891,"Machine",0.12,0
1892,"Machine",0.12,0
1893,"Machine",1.38,0
1894,"Machine",4.51,0
1895,"Machine",3.21,1
1896,"Machine",4.7,0
1897,"Machine",0.86,0
1898,"Machine",2.35,0
1899,"Machine",3.76,0
1900,"Machine",1.02,0
1901,"Machine",1.08,0
1902,"Machine",2.41,0
1903,"Machine",4.47,0
1904,"Machine",1.99,0
1905,"Machine",4.75,0
1906,"Machine",3.37,0
1907,"Machine",2.39,0
1908,"Machine",2.31,0
1909,"Machine",3.29,0
1910,"Machine",2.59,0
1911,"Machine",1.36,0
1912,"Machine",2.09,0
1913,"Machine",2.57,0
1914,"Machine",3.74,1
1915,"Machine",1.22,0
1916,"Machine",0.47,0
1917,"Machine",2.35,0
1918,"Machine",1.76,1
1919,"Machine",1.77,0
1920,"Machine",3.52,0
1921,"Machine",2.66,0
1922,"Machine",2.27,0
1923,"Machine",0.83,0
1924,"Machine",1.46,0
1925,"Machine",2.93,0
1926,"Machine",4.82,0
1927,"Machine",2.8,0
1928,"Machine",3.81,0
1929,"Machine",3.64,0
1930,"Machine",2.67,1
1931,"Machine",3.75,0
1932,"Machine",2.67,0
1933,"Machine",1.46,0
1934,"Machine",1.83,1
1935,"Machine",3.96,0
1936,"Machine",4.53,0
1937,"Machine",6.09,0
1938,"Machine",0.44,0
1939,"Machine",2.88,0
1940,"Machine",0.76,0
1941,"Machine",0.79,0
1942,"Machine",2.2,0
1943,"Machine",4.13,0
1944,"Machine",3.93,0
1945,"Machine",3.72,0
1946,"Machine",4.5,0
1947,"Machine",1.69,0
1948,"Machine",4.12,0
1949,"Machine",4.41,0
1950,"Machine",1.43,0
1951,"Machine",3.4,0
1952,"Machine",2.75,0
1953,"Machine",5.66,0
1954,"Machine",3.04,0
1955,"Machine",1.42,0
1956,"Machine",0.27,0
1957,"Machine",3.49,0
1958,"Machine",3.39,0
1959,"Machine",5.17,0
1960,"Machine",3.63,0
1961,"Machine",4.09,0
1962,"Machine",0.95,0
1963,"Machine",4.72,0
1964,"Machine",5.02,1
1965,"Machine",2.87,0
1966,"Machine",2.95,0
1967,"Machine",1.31,0
1968,"Machine",2.45,0
1969,"Machine",2.15,0
1970,"Machine",1.44,0
1971,"Machine",2.15,0
1972,"Machine",0.82,0
1973,"Machine",3.94,0
1974,"Machine",2.95,0
1975,"Machine",3.76,0
1976,"Machine",3.3,0
1977,"Machine",3.99,0
1978,"Machine",3.07,0
1979,"Machine",2.16,0
1980,"Machine",1.98,0
1981,"Machine",1,0
1982,"Machine",5.38,0
1983,"Machine",4.47,0
1984,"Machine",4.84,0
1985,"Machine",1.66,0
1986,"Machine",3.26,0
1987,"Machine",0.87,0
1988,"Machine",2.1,0
1989,"Machine",5.02,0
1990,"Machine",3.26,0
1991,"Machine",3.34,0
1992,"Machine",3.96,0
1993,"Machine",5.06,0
1994,"Machine",2.04,0
1995,"Machine",4.7,0
1996,"Machine",3.45,0
1997,"Machine",1.98,0
1998,"Machine",5.35,0
1999,"Machine",3.42,0
2000,"Machine",2.71,0
2001,"Hybrid",8.33,0
2002,"Hybrid",4.31,0
2003,"Hybrid",4.35,0
2004,"Hybrid",3.08,0
2005,"Hybrid",3,0
2006,"Hybrid",1.23,0
2007,"Hybrid",5.46,0
2008,"Hybrid",6.74,0
2009,"Hybrid",5.87,0
2010,"Hybrid",6.14,0
2011,"Hybrid",4.99,0
2012,"Hybrid",5.14,0
2013,"Hybrid",4.8,1
2014,"Hybrid",6.01,0
2015,"Hybrid",3.25,0
2016,"Hybrid",5.16,0
2017,"Hybrid",4.67,0
2018,"Hybrid",5.5,0
2019,"Hybrid",6.41,0
2020,"Hybrid",7.07,0
2021,"Hybrid",0.74,1
2022,"Hybrid",1.83,0
2023,"Hybrid",5.58,0
2024,"Hybrid",2.92,1
2025,"Hybrid",3,0
2026,"Hybrid",4.8,0
2027,"Hybrid",4.4,0
2028,"Hybrid",5.9,0
2029,"Hybrid",5.54,0
2030,"Hybrid",5.23,1
2031,"Hybrid",5.59,0
2032,"Hybrid",4.34,0
2033,"Hybrid",3.99,0
2034,"Hybrid",6.52,0
2035,"Hybrid",5.51,0
2036,"Hybrid",4.07,0
2037,"Hybrid",4.36,0
2038,"Hybrid",4.66,0
2039,"Hybrid",6.41,0
2040,"Hybrid",5.19,0
2041,"Hybrid",3.75,0
2042,"Hybrid",3.42,0
2043,"Hybrid",5.69,0
2044,"Hybrid",4.34,0
2045,"Hybrid",3.97,0
2046,"Hybrid",3.8,0
2047,"Hybrid",6.72,0
2048,"Hybrid",4.65,0
2049,"Hybrid",4.23,0
2050,"Hybrid",7.42,0
2051,"Hybrid",2.01,0
2052,"Hybrid",6.6,0
2053,"Hybrid",3.65,1
2054,"Hybrid",4.6,0
2055,"Hybrid",6.98,0
2056,"Hybrid",2.34,0
2057,"Hybrid",3.52,1
2058,"Hybrid",8.02,0
2059,"Hybrid",6.45,0
2060,"Hybrid",5.65,1
2061,"Hybrid",4.48,1
2062,"Hybrid",4.72,0
2063,"Hybrid",5.22,0
2064,"Hybrid",4.02,0
2065,"Hybrid",3.65,0
2066,"Hybrid",5.23,0
2067,"Hybrid",4.45,0
2068,"Hybrid",2.92,0
2069,"Hybrid",6.02,1
2070,"Hybrid",4.4,0
2071,"Hybrid",6.38,0
2072,"Hybrid",4.8,0
2073,"Hybrid",4.59,0
2074,"Hybrid",4.76,1
2075,"Hybrid",7.88,0
2076,"Hybrid",0.84,1
2077,"Hybrid",5.54,0
2078,"Hybrid",5.92,0
2079,"Hybrid",3.52,0
2080,"Hybrid",5.26,0
2081,"Hybrid",5.94,0
2082,"Hybrid",4.94,0
2083,"Hybrid",4.92,0
2084,"Hybrid",4.8,0
2085,"Hybrid",3.26,0
2086,"Hybrid",6.43,0
2087,"Hybrid",6.97,0
2088,"Hybrid",3.82,0
2089,"Hybrid",5.51,0
2090,"Hybrid",1.34,0
2091,"Hybrid",2.22,0
2092,"Hybrid",5.03,0
2093,"Hybrid",8.49,0
2094,"Hybrid",4.4,0
2095,"Hybrid",7.68,1
2096,"Hybrid",4.84,1
2097,"Hybrid",6.18,0
2098,"Hybrid",4,0
2099,"Hybrid",4.94,1
2100,"Hybrid",3.32,0
2101,"Hybrid",5.71,0
2102,"Hybrid",4.75,0
2103,"Hybrid",3.18,0
2104,"Hybrid",7.65,0
2105,"Hybrid",5.48,1
2106,"Hybrid",7.68,1
2107,"Hybrid",5.67,0
2108,"Hybrid",3.51,0
2109,"Hybrid",4.76,0
2110,"Hybrid",5.02,0
2111,"Hybrid",6.03,0
2112,"Hybrid",3.14,0
2113,"Hybrid",5.08,0
2114,"Hybrid",5.56,0
2115,"Hybrid",4.96,1
2116,"Hybrid",7.06,0
2117,"Hybrid",7.24,0
2118,"Hybrid",3.04,0
2119,"Hybrid",5.77,1
2120,"Hybrid",6.04,0
2121,"Hybrid",5.99,0
2122,"Hybrid",3.33,0
2123,"Hybrid",5.77,0
2124,"Hybrid",2.94,0
2125,"Hybrid",4.39,0
2126,"Hybrid",6.29,1
2127,"Hybrid",6.66,0
2128,"Hybrid",4.73,0
2129,"Hybrid",5.42,0
2130,"Hybrid",6.92,0
2131,"Hybrid",4.62,0
2132,"Hybrid",7.18,1
2133,"Hybrid",5.51,0
2134,"Hybrid",3.86,1
2135,"Hybrid",5.12,0
2136,"Hybrid",5.93,0
2137,"Hybrid",6.45,0
2138,"Hybrid",3.15,0
2139,"Hybrid",8.29,1
2140,"Hybrid",4.88,0
2141,"Hybrid",7.96,0
2142,"Hybrid",5.74,0
2143,"Hybrid",5.05,0
2144,"Hybrid",4.4,0
2145,"Hybrid",5.13,0
2146,"Hybrid",5.61,0
2147,"Hybrid",6.64,1
2148,"Hybrid",5.77,1
2149,"Hybrid",6.09,0
2150,"Hybrid",6.16,0
2151,"Hybrid",6.97,0
2152,"Hybrid",3.7,1
2153,"Hybrid",1.22,0
2154,"Hybrid",6.3,0
2155,"Hybrid",2.33,0
2156,"Hybrid",4.95,0
2157,"Hybrid",5.64,0
2158,"Hybrid",4.75,0
2159,"Hybrid",2.96,0
2160,"Hybrid",3.35,0
2161,"Hybrid",5.36,0
2162,"Hybrid",3.02,0
2163,"Hybrid",2.9,0
2164,"Hybrid",5.91,0
2165,"Hybrid",5.82,0
2166,"Hybrid",5.11,0
2167,"Hybrid",3.44,0
2168,"Hybrid",5.03,0
2169,"Hybrid",3.11,0
2170,"Hybrid",5.19,0
2171,"Hybrid",4.31,0
2172,"Hybrid",5.04,0
2173,"Hybrid",8.92,0
2174,"Hybrid",4,0
2175,"Hybrid",5.6,0
2176,"Hybrid",3.92,0
2177,"Hybrid",5.94,1
2178,"Hybrid",3.19,0
2179,"Hybrid",2.67,1
2180,"Hybrid",4.73,0
2181,"Hybrid",5.89,0
2182,"Hybrid",2.86,0
2183,"Hybrid",2.57,1
2184,"Hybrid",4.93,0
2185,"Hybrid",5.9,1
2186,"Hybrid",3.01,0
2187,"Hybrid",6.3,0
2188,"Hybrid",7.23,0
2189,"Hybrid",4.79,0
2190,"Hybrid",3.62,0
2191,"Hybrid",5.57,0
2192,"Hybrid",3.48,1
2193,"Hybrid",3.17,0
2194,"Hybrid",3.47,0
2195,"Hybrid",3.59,0
2196,"Hybrid",5.88,1
2197,"Hybrid",5.99,0
2198,"Hybrid",3.36,0
2199,"Hybrid",6.21,0
2200,"Hybrid",5.56,0
2201,"Hybrid",7.19,0
2202,"Hybrid",4.29,0
2203,"Hybrid",5.44,0
2204,"Hybrid",3.97,0
2205,"Hybrid",7.29,0
2206,"Hybrid",4.51,0
2207,"Hybrid",4.04,0
2208,"Hybrid",3.02,0
2209,"Hybrid",4.05,0
2210,"Hybrid",4.2,0
2211,"Hybrid",4.11,0
2212,"Hybrid",8.21,0
2213,"Hybrid",5,0
2214,"Hybrid",4.36,1
2215,"Hybrid",4.95,0
2216,"Hybrid",5.58,0
2217,"Hybrid",4.09,0
2218,"Hybrid",4.44,0
2219,"Hybrid",4.39,0
2220,"Hybrid",7.6,0
2221,"Hybrid",5.41,1
2222,"Hybrid",6.86,0
2223,"Hybrid",5.93,0
2224,"Hybrid",4.38,0
2225,"Hybrid",4.36,0
2226,"Hybrid",4.92,0
2227,"Hybrid",4.01,0
2228,"Hybrid",6.19,1
2229,"Hybrid",4.42,0
2230,"Hybrid",6.43,1
2231,"Hybrid",4.83,0
2232,"Hybrid",4.23,0
2233,"Hybrid",3.19,0
2234,"Hybrid",1.45,0
2235,"Hybrid",7.3,1
2236,"Hybrid",2.09,0
2237,"Hybrid",2.38,0
2238,"Hybrid",5.13,0
2239,"Hybrid",6.29,1
2240,"Hybrid",5.1,0
2241,"Hybrid",5.77,0
2242,"Hybrid",4.8,0
2243,"Hybrid",6.73,0
2244,"Hybrid",5.83,1
2245,"Hybrid",5.05,0
2246,"Hybrid",4.79,0
2247,"Hybrid",5.18,0
2248,"Hybrid",4.09,0
2249,"Hybrid",3.47,0
2250,"Hybrid",4.46,0
2251,"Hybrid",4.66,0
2252,"Hybrid",4.94,0
2253,"Hybrid",2.16,0
2254,"Hybrid",5.24,0
2255,"Hybrid",3.98,0
2256,"Hybrid",4.59,0
2257,"Hybrid",6.36,0
2258,"Hybrid",3.89,0
2259,"Hybrid",3.43,1
2260,"Hybrid",2.98,0
2261,"Hybrid",4.56,0
2262,"Hybrid",3.19,0
2263,"Hybrid",6.53,1
2264,"Hybrid",5.85,0
2265,"Hybrid",2.97,0
2266,"Hybrid",5.29,0
2267,"Hybrid",5.34,0
2268,"Hybrid",2.62,0
2269,"Hybrid",5.24,1
2270,"Hybrid",5.89,0
2271,"Hybrid",2.54,0
2272,"Hybrid",5.26,0
2273,"Hybrid",7.01,0
2274,"Hybrid",3.02,0
2275,"Hybrid",6.54,0
2276,"Hybrid",6.69,0
2277,"Hybrid",3.13,0
2278,"Hybrid",3.66,0
2279,"Hybrid",4.18,0
2280,"Hybrid",5.46,0
2281,"Hybrid",3.61,0
2282,"Hybrid",4.81,0
2283,"Hybrid",4.6,0
2284,"Hybrid",4.23,0
2285,"Hybrid",4.64,0
2286,"Hybrid",2.61,0
2287,"Hybrid",5.88,0
2288,"Hybrid",5.86,0
2289,"Hybrid",5.13,0
2290,"Hybrid",5.69,0
2291,"Hybrid",4.11,0
2292,"Hybrid",5.56,0
2293,"Hybrid",4.84,0
2294,"Hybrid",5.83,0
2295,"Hybrid",4.02,0
2296,"Hybrid",5.18,0
2297,"Hybrid",4.35,0
2298,"Hybrid",5.65,0
2299,"Hybrid",4.12,0
2300,"Hybrid",5.72,0
2301,"Hybrid",5.91,0
2302,"Hybrid",4.87,0
2303,"Hybrid",2.82,0
2304,"Hybrid",5.88,0
2305,"Hybrid",6.5,1
2306,"Hybrid",1.08,1
2307,"Hybrid",4.48,0
2308,"Hybrid",4.12,0
2309,"Hybrid",7.1,0
2310,"Hybrid",4.11,0
2311,"Hybrid",6.41,0
2312,"Hybrid",4.67,0
2313,"Hybrid",5.46,0
2314,"Hybrid",6.19,0
2315,"Hybrid",4.41,0
2316,"Hybrid",5.45,0
2317,"Hybrid",4.3,0
2318,"Hybrid",6.22,0
2319,"Hybrid",3.97,0
2320,"Hybrid",5.38,1
2321,"Hybrid",7.23,1
2322,"Hybrid",2.57,0
2323,"Hybrid",4.66,0
2324,"Hybrid",5.46,1
2325,"Hybrid",5.29,0
2326,"Hybrid",4.65,0
2327,"Hybrid",1.7,0
2328,"Hybrid",4.72,1
2329,"Hybrid",3.4,0
2330,"Hybrid",1.82,0
2331,"Hybrid",5.93,0
2332,"Hybrid",5.37,0
2333,"Hybrid",7.38,1
2334,"Hybrid",3.42,0
2335,"Hybrid",7.57,0
2336,"Hybrid",5.44,0
2337,"Hybrid",6.64,0
2338,"Hybrid",5.58,0
2339,"Hybrid",4.88,0
2340,"Hybrid",3.38,0
2341,"Hybrid",5.16,0
2342,"Hybrid",5.65,0
2343,"Hybrid",4.38,0
2344,"Hybrid",7.01,0
2345,"Hybrid",5.23,0
2346,"Hybrid",4.45,1
2347,"Hybrid",5.23,0
2348,"Hybrid",7.21,0
2349,"Hybrid",3.32,0
2350,"Hybrid",6.37,0
2351,"Hybrid",5.25,0
2352,"Hybrid",4.48,1
2353,"Hybrid",6.08,0
2354,"Hybrid",7.12,0
2355,"Hybrid",3.62,0
2356,"Hybrid",7.11,0
2357,"Hybrid",4.88,1
2358,"Hybrid",5.91,0
2359,"Hybrid",5.61,0
2360,"Hybrid",3.56,0
2361,"Hybrid",6.51,0
2362,"Hybrid",5.56,1
2363,"Hybrid",5.9,0
2364,"Hybrid",5.74,0
2365,"Hybrid",3.99,0
2366,"Hybrid",4.53,0
2367,"Hybrid",6.37,0
2368,"Hybrid",4.88,0
2369,"Hybrid",0.41,0
2370,"Hybrid",3.09,0
2371,"Hybrid",4.33,0
2372,"Hybrid",3.06,0
2373,"Hybrid",6.35,0
2374,"Hybrid",5.26,0
2375,"Hybrid",3.27,0
2376,"Hybrid",4.58,1
2377,"Hybrid",5.71,0
2378,"Hybrid",5.76,1
2379,"Hybrid",4.49,0
2380,"Hybrid",5.26,0
2381,"Hybrid",2.62,0
2382,"Hybrid",6.26,0
2383,"Hybrid",6.66,0
2384,"Hybrid",5.94,0
2385,"Hybrid",3.38,0
2386,"Hybrid",9.68,0
2387,"Hybrid",4.93,0
2388,"Hybrid",4.27,0
2389,"Hybrid",5.43,0
2390,"Hybrid",2.37,0
2391,"Hybrid",4.02,0
2392,"Hybrid",4.62,0
2393,"Hybrid",3.45,0
2394,"Hybrid",7.24,0
2395,"Hybrid",5.56,0
2396,"Hybrid",6.86,0
2397,"Hybrid",4.82,0
2398,"Hybrid",4.82,0
2399,"Hybrid",4.29,0
2400,"Hybrid",4.12,0
2401,"Hybrid",5.89,0
2402,"Hybrid",6.44,0
2403,"Hybrid",5.92,0
2404,"Hybrid",3.05,0
2405,"Hybrid",4.58,0
2406,"Hybrid",5.89,0
2407,"Hybrid",4.01,0
2408,"Hybrid",3.91,1
2409,"Hybrid",5.85,0
2410,"Hybrid",3.99,0
2411,"Hybrid",3.58,0
2412,"Hybrid",3.17,0
2413,"Hybrid",4.16,0
2414,"Hybrid",7.41,0
2415,"Hybrid",3.76,0
2416,"Hybrid",6.67,0
2417,"Hybrid",6.91,0
2418,"Hybrid",6.43,0
2419,"Hybrid",7.26,0
2420,"Hybrid",6.27,0
2421,"Hybrid",3.36,0
2422,"Hybrid",4.94,0
2423,"Hybrid",4.69,0
2424,"Hybrid",3.48,0
2425,"Hybrid",0.96,1
2426,"Hybrid",4.42,0
2427,"Hybrid",4.29,0
2428,"Hybrid",5.89,0
2429,"Hybrid",7.77,0
2430,"Hybrid",5.76,1
2431,"Hybrid",5.68,0
2432,"Hybrid",6.01,0
2433,"Hybrid",3.18,0
2434,"Hybrid",8.07,1
2435,"Hybrid",2.19,0
2436,"Hybrid",4.97,1
2437,"Hybrid",4.72,0
2438,"Hybrid",7.22,0
2439,"Hybrid",5.19,1
2440,"Hybrid",2,0
2441,"Hybrid",3.82,0
2442,"Hybrid",2.8,0
2443,"Hybrid",5.7,0
2444,"Hybrid",4.97,0
2445,"Hybrid",4.56,0
2446,"Hybrid",4.53,0
2447,"Hybrid",4.82,0
2448,"Hybrid",6.16,0
2449,"Hybrid",3.86,0
2450,"Hybrid",3.44,0
2451,"Hybrid",1.87,0
2452,"Hybrid",6,1
2453,"Hybrid",4.17,0
2454,"Hybrid",4.85,0
2455,"Hybrid",6.18,0
2456,"Hybrid",4.51,0
2457,"Hybrid",4.45,1
2458,"Hybrid",2.36,0
2459,"Hybrid",1.37,0
2460,"Hybrid",5.29,0
2461,"Hybrid",5.78,1
2462,"Hybrid",2.75,0
2463,"Hybrid",5.56,1
2464,"Hybrid",6.27,0
2465,"Hybrid",5.43,0
2466,"Hybrid",3.26,0
2467,"Hybrid",3.05,0
2468,"Hybrid",3.46,0
2469,"Hybrid",2.18,0
2470,"Hybrid",3.41,0
2471,"Hybrid",6.44,0
2472,"Hybrid",1.82,0
2473,"Hybrid",3,0
2474,"Hybrid",4.47,0
2475,"Hybrid",6.74,0
2476,"Hybrid",3.93,0
2477,"Hybrid",5.65,0
2478,"Hybrid",5.92,0
2479,"Hybrid",3.85,0
2480,"Hybrid",2.77,0
2481,"Hybrid",5.74,0
2482,"Hybrid",3.83,0
2483,"Hybrid",5.86,0
2484,"Hybrid",5.44,0
2485,"Hybrid",4.35,0
2486,"Hybrid",5.31,0
2487,"Hybrid",5.85,1
2488,"Hybrid",5.42,0
2489,"Hybrid",6.71,0
2490,"Hybrid",5.36,0
2491,"Hybrid",3.94,0
2492,"Hybrid",7.89,0
2493,"Hybrid",6.66,0
2494,"Hybrid",3.12,0
2495,"Hybrid",4.95,0
2496,"Hybrid",8.12,0
2497,"Hybrid",5.47,0
2498,"Hybrid",2.96,0
2499,"Hybrid",4.15,0
2500,"Hybrid",5.05,0
2501,"Hybrid",5.04,0
2502,"Hybrid",6.23,0
2503,"Hybrid",8.06,0
2504,"Hybrid",2.85,0
2505,"Hybrid",3.68,0
2506,"Hybrid",5.89,0
2507,"Hybrid",3.87,0
2508,"Hybrid",4.57,1
2509,"Hybrid",4.81,0
2510,"Hybrid",4.15,0
2511,"Hybrid",5.66,0
2512,"Hybrid",5.59,0
2513,"Hybrid",6.19,0
2514,"Hybrid",2.59,0
2515,"Hybrid",4.43,0
2516,"Hybrid",3.25,0
2517,"Hybrid",5.9,1
2518,"Hybrid",6.1,0
2519,"Hybrid",2.82,0
2520,"Hybrid",3.08,0
2521,"Hybrid",6.42,0
2522,"Hybrid",3.79,0
2523,"Hybrid",5.53,1
2524,"Hybrid",3.83,0
2525,"Hybrid",3.96,1
2526,"Hybrid",4.22,0
2527,"Hybrid",3.42,1
2528,"Hybrid",6.17,0
2529,"Hybrid",1.13,0
2530,"Hybrid",4.5,0
2531,"Hybrid",4.4,0
2532,"Hybrid",2.55,0
2533,"Hybrid",4.39,0
2534,"Hybrid",6.27,0
2535,"Hybrid",4.08,0
2536,"Hybrid",7.39,0
2537,"Hybrid",2.63,0
2538,"Hybrid",6.78,0
2539,"Hybrid",2.69,0
2540,"Hybrid",6.04,0
2541,"Hybrid",3.2,0
2542,"Hybrid",9.41,0
2543,"Hybrid",5.7,0
2544,"Hybrid",2.5,0
2545,"Hybrid",2.48,0
2546,"Hybrid",4.94,0
2547,"Hybrid",2.57,1
2548,"Hybrid",5.88,0
2549,"Hybrid",4.13,0
2550,"Hybrid",2.11,0
2551,"Hybrid",4.85,0
2552,"Hybrid",3.51,0
2553,"Hybrid",2.34,0
2554,"Hybrid",4.98,1
2555,"Hybrid",5.01,1
2556,"Hybrid",3.89,0
2557,"Hybrid",5.28,1
2558,"Hybrid",2.95,0
2559,"Hybrid",7.07,0
2560,"Hybrid",7.15,0
2561,"Hybrid",3.99,0
2562,"Hybrid",2.88,0
2563,"Hybrid",5.2,1
2564,"Hybrid",2.41,0
2565,"Hybrid",6.75,0
2566,"Hybrid",5.86,0
2567,"Hybrid",6.5,0
2568,"Hybrid",4.15,0
2569,"Hybrid",4.7,0
2570,"Hybrid",4.8,0
2571,"Hybrid",5.39,0
2572,"Hybrid",4.07,0
2573,"Hybrid",3.73,0
2574,"Hybrid",2.9,0
2575,"Hybrid",6.59,1
2576,"Hybrid",4.43,0
2577,"Hybrid",8.34,0
2578,"Hybrid",4.27,0
2579,"Hybrid",6.18,0
2580,"Hybrid",4.46,0
2581,"Hybrid",5.37,0
2582,"Hybrid",6.09,0
2583,"Hybrid",5.86,0
2584,"Hybrid",4.67,1
2585,"Hybrid",4.35,1
2586,"Hybrid",5.17,0
2587,"Hybrid",4.21,0
2588,"Hybrid",2.76,0
2589,"Hybrid",4.67,0
2590,"Hybrid",5.75,1
2591,"Hybrid",1.88,1
2592,"Hybrid",3.99,0
2593,"Hybrid",5.85,0
2594,"Hybrid",5.72,0
2595,"Hybrid",5.06,0
2596,"Hybrid",5.07,0
2597,"Hybrid",3.66,0
2598,"Hybrid",4.6,0
2599,"Hybrid",5.11,0
2600,"Hybrid",5.88,0
2601,"Hybrid",6.09,0
2602,"Hybrid",7,0
2603,"Hybrid",2.06,0
2604,"Hybrid",6.04,0
2605,"Hybrid",3.99,0
2606,"Hybrid",5.68,0
2607,"Hybrid",5.9,0
2608,"Hybrid",6.12,0
2609,"Hybrid",5.27,0
2610,"Hybrid",6.49,0
2611,"Hybrid",6.8,0
2612,"Hybrid",3.1,0
2613,"Hybrid",4.9,0
2614,"Hybrid",0.68,0
2615,"Hybrid",4,0
2616,"Hybrid",4.66,0
2617,"Hybrid",5.35,0
2618,"Hybrid",7.6,0
2619,"Hybrid",3.68,0
2620,"Hybrid",6.21,0
2621,"Hybrid",3.13,1
2622,"Hybrid",4.6,0
2623,"Hybrid",6.65,0
2624,"Hybrid",5.11,1
2625,"Hybrid",4.04,0
2626,"Hybrid",6.49,0
2627,"Hybrid",5.06,1
2628,"Hybrid",2.86,0
2629,"Hybrid",5.36,1
2630,"Hybrid",6.69,0
2631,"Hybrid",6.42,0
2632,"Hybrid",4.27,0
2633,"Hybrid",6.31,0
2634,"Hybrid",3.99,0
2635,"Hybrid",4.09,0
2636,"Hybrid",5.87,1
2637,"Hybrid",7.65,0
2638,"Hybrid",3.77,0
2639,"Hybrid",7.57,1
2640,"Hybrid",5.5,0
2641,"Hybrid",5.9,0
2642,"Hybrid",7.67,0
2643,"Hybrid",3.48,0
2644,"Hybrid",6.01,0
2645,"Hybrid",6.09,0
2646,"Hybrid",3.78,0
2647,"Hybrid",3.81,0
2648,"Hybrid",6.26,0
2649,"Hybrid",5.95,1
2650,"Hybrid",5.79,1
2651,"Hybrid",5.16,0
2652,"Hybrid",5.83,0
2653,"Hybrid",7.21,0
2654,"Hybrid",5.34,1
2655,"Hybrid",4.31,1
2656,"Hybrid",5.41,0
2657,"Hybrid",2.79,1
2658,"Hybrid",6.02,0
2659,"Hybrid",5.43,0
2660,"Hybrid",3.89,0
2661,"Hybrid",4.01,1
2662,"Hybrid",5.33,1
2663,"Hybrid",6.3,0
2664,"Hybrid",4.9,0
2665,"Hybrid",4.81,1
2666,"Hybrid",5.4,0
2667,"Hybrid",6.46,0
2668,"Hybrid",4.72,0
2669,"Hybrid",3.58,0
2670,"Hybrid",5.78,0
2671,"Hybrid",4.37,0
2672,"Hybrid",2.06,0
2673,"Hybrid",3.84,0
2674,"Hybrid",6.97,0
2675,"Hybrid",5.96,0
2676,"Hybrid",5.76,0
2677,"Hybrid",2.92,0
2678,"Hybrid",4.56,0
2679,"Hybrid",3.75,0
2680,"Hybrid",6.72,0
2681,"Hybrid",5.83,0
2682,"Hybrid",5.38,0
2683,"Hybrid",4.74,0
2684,"Hybrid",5.69,0
2685,"Hybrid",4.36,0
2686,"Hybrid",4.18,1
2687,"Hybrid",6.72,0
2688,"Hybrid",4.47,0
2689,"Hybrid",4.08,0
2690,"Hybrid",4.98,0
2691,"Hybrid",7.39,0
2692,"Hybrid",5.66,0
2693,"Hybrid",2.66,0
2694,"Hybrid",6.46,0
2695,"Hybrid",3.51,0
2696,"Hybrid",5.99,0
2697,"Hybrid",5.41,0
2698,"Hybrid",2.44,0
2699,"Hybrid",1.89,0
2700,"Hybrid",5.42,0
2701,"Hybrid",5.41,0
2702,"Hybrid",6.79,0
2703,"Hybrid",5.92,0
2704,"Hybrid",4.89,1
2705,"Hybrid",6.8,0
2706,"Hybrid",6.14,0
2707,"Hybrid",3.4,1
2708,"Hybrid",3.62,0
2709,"Hybrid",4.97,0
2710,"Hybrid",5.11,1
2711,"Hybrid",5.13,0
2712,"Hybrid",5.21,0
2713,"Hybrid",5.33,0
2714,"Hybrid",2.71,0
2715,"Hybrid",5.41,1
2716,"Hybrid",5.44,1
2717,"Hybrid",4.9,0
2718,"Hybrid",6.22,1
2719,"Hybrid",6.84,0
2720,"Hybrid",2.75,0
2721,"Hybrid",6.11,0
2722,"Hybrid",4.53,0
2723,"Hybrid",3.4,0
2724,"Hybrid",2.19,0
2725,"Hybrid",5.36,0
2726,"Hybrid",4.9,0
2727,"Hybrid",4.35,0
2728,"Hybrid",5.89,1
2729,"Hybrid",4.93,0
2730,"Hybrid",8.04,0
2731,"Hybrid",8.4,0
2732,"Hybrid",4.1,0
2733,"Hybrid",6.23,0
2734,"Hybrid",5.51,0
2735,"Hybrid",7.48,0
2736,"Hybrid",5.25,0
2737,"Hybrid",1.34,0
2738,"Hybrid",4.01,0
2739,"Hybrid",3.16,0
2740,"Hybrid",4.52,0
2741,"Hybrid",4.49,0
2742,"Hybrid",2.19,0
2743,"Hybrid",4.89,0
2744,"Hybrid",3.93,0
2745,"Hybrid",6.9,0
2746,"Hybrid",7.05,0
2747,"Hybrid",5.78,0
2748,"Hybrid",5.15,0
2749,"Hybrid",4.16,0
2750,"Hybrid",3.65,0
2751,"Hybrid",4.77,0
2752,"Hybrid",5.25,0
2753,"Hybrid",3.9,0
2754,"Hybrid",5.32,0
2755,"Hybrid",3.68,0
2756,"Hybrid",3.65,0
2757,"Hybrid",1.57,1
2758,"Hybrid",5.24,0
2759,"Hybrid",6.39,0
2760,"Hybrid",2.94,0
2761,"Hybrid",5.35,1
2762,"Hybrid",3.35,1
2763,"Hybrid",5.18,0
2764,"Hybrid",5.26,0
2765,"Hybrid",6.09,0
2766,"Hybrid",4.59,0
2767,"Hybrid",3.8,0
2768,"Hybrid",5.84,0
2769,"Hybrid",5.1,0
2770,"Hybrid",5.23,0
2771,"Hybrid",6.23,0
2772,"Hybrid",4.27,0
2773,"Hybrid",4.36,0
2774,"Hybrid",5.79,0
2775,"Hybrid",6.15,0
2776,"Hybrid",6.75,1
2777,"Hybrid",4.21,0
2778,"Hybrid",3.66,0
2779,"Hybrid",4.15,0
2780,"Hybrid",4.25,0
2781,"Hybrid",6.55,1
2782,"Hybrid",8.22,0
2783,"Hybrid",3.92,0
2784,"Hybrid",5.58,0
2785,"Hybrid",3.76,1
2786,"Hybrid",7.51,0
2787,"Hybrid",4.97,0
2788,"Hybrid",4.97,0
2789,"Hybrid",3.4,0
2790,"Hybrid",3.57,0
2791,"Hybrid",5.82,0
2792,"Hybrid",3.77,0
2793,"Hybrid",1.54,0
2794,"Hybrid",6.83,0
2795,"Hybrid",5.87,1
2796,"Hybrid",2.72,0
2797,"Hybrid",5.65,0
2798,"Hybrid",6.1,0
2799,"Hybrid",4.63,0
2800,"Hybrid",8.23,0
2801,"Hybrid",0.92,0
2802,"Hybrid",7.73,0
2803,"Hybrid",5.04,0
2804,"Hybrid",3.96,1
2805,"Hybrid",5.48,0
2806,"Hybrid",6.1,1
2807,"Hybrid",4.98,0
2808,"Hybrid",3.36,0
2809,"Hybrid",7.45,0
2810,"Hybrid",5.46,0
2811,"Hybrid",4.4,0
2812,"Hybrid",3.95,0
2813,"Hybrid",4,0
2814,"Hybrid",6.67,0
2815,"Hybrid",5.88,0
2816,"Hybrid",6.36,0
2817,"Hybrid",7.86,0
2818,"Hybrid",6.2,0
2819,"Hybrid",5.2,0
2820,"Hybrid",4.07,0
2821,"Hybrid",7.21,1
2822,"Hybrid",5.69,0
2823,"Hybrid",6.54,0
2824,"Hybrid",6.8,1
2825,"Hybrid",4.6,1
2826,"Hybrid",6.8,0
2827,"Hybrid",5.28,1
2828,"Hybrid",6.6,0
2829,"Hybrid",5.61,0
2830,"Hybrid",2.98,0
2831,"Hybrid",5.83,1
2832,"Hybrid",3.53,0
2833,"Hybrid",4.96,0
2834,"Hybrid",4.29,0
2835,"Hybrid",4.48,1
2836,"Hybrid",2.3,0
2837,"Hybrid",3.16,1
2838,"Hybrid",3.27,0
2839,"Hybrid",7.8,0
2840,"Hybrid",4.99,0
2841,"Hybrid",6.04,0
2842,"Hybrid",5.82,0
2843,"Hybrid",6.65,1
2844,"Hybrid",5.65,0
2845,"Hybrid",5.96,0
2846,"Hybrid",1.53,0
2847,"Hybrid",5.69,0
2848,"Hybrid",4.68,0
2849,"Hybrid",4.23,1
2850,"Hybrid",7.51,0
2851,"Hybrid",3.64,0
2852,"Hybrid",6.2,1
2853,"Hybrid",6.82,1
2854,"Hybrid",2.6,0
2855,"Hybrid",8.25,0
2856,"Hybrid",2.9,0
2857,"Hybrid",3.85,0
2858,"Hybrid",5.93,0
2859,"Hybrid",5.54,0
2860,"Hybrid",4.29,1
2861,"Hybrid",4.97,0
2862,"Hybrid",4.95,0
2863,"Hybrid",3.69,0
2864,"Hybrid",3,0
2865,"Hybrid",5.14,0
2866,"Hybrid",4.62,0
2867,"Hybrid",5.83,0
2868,"Hybrid",5.61,1
2869,"Hybrid",3.29,0
2870,"Hybrid",5.93,0
2871,"Hybrid",6.07,0
2872,"Hybrid",3.61,0
2873,"Hybrid",6.17,0
2874,"Hybrid",5.64,0
2875,"Hybrid",6.08,0
2876,"Hybrid",5.73,0
2877,"Hybrid",4.49,0
2878,"Hybrid",5.14,0
2879,"Hybrid",5.48,0
2880,"Hybrid",4.13,0
2881,"Hybrid",4.65,0
2882,"Hybrid",4.9,0
2883,"Hybrid",5.08,0
2884,"Hybrid",4.66,0
2885,"Hybrid",5.18,0
2886,"Hybrid",5.5,0
2887,"Hybrid",4.69,0
2888,"Hybrid",5.26,0
2889,"Hybrid",6.08,0
2890,"Hybrid",6.09,0
2891,"Hybrid",5.45,0
2892,"Hybrid",7.17,0
2893,"Hybrid",8.07,1
2894,"Hybrid",6.7,0
2895,"Hybrid",5.12,0
2896,"Hybrid",5.34,0
2897,"Hybrid",4.87,1
2898,"Hybrid",6.96,0
2899,"Hybrid",5.92,0
2900,"Hybrid",4.56,0
2901,"Hybrid",4.05,1
2902,"Hybrid",4.04,0
2903,"Hybrid",3.8,0
2904,"Hybrid",3.84,0
2905,"Hybrid",4.18,0
2906,"Hybrid",6.98,1
2907,"Hybrid",5.29,0
2908,"Hybrid",6.97,0
2909,"Hybrid",4.04,0
2910,"Hybrid",5.5,0
2911,"Hybrid",2.57,0
2912,"Hybrid",2.53,0
2913,"Hybrid",4.03,0
2914,"Hybrid",4.05,0
2915,"Hybrid",4.81,0
2916,"Hybrid",3.92,0
2917,"Hybrid",4.64,0
2918,"Hybrid",5.21,1
2919,"Hybrid",6.14,0
2920,"Hybrid",6.76,0
2921,"Hybrid",4.45,1
2922,"Hybrid",6.17,0
2923,"Hybrid",6.36,0
2924,"Hybrid",4.8,0
2925,"Hybrid",4.61,0
2926,"Hybrid",6.61,0
2927,"Hybrid",4.7,0
2928,"Hybrid",6.12,0
2929,"Hybrid",4.99,1
2930,"Hybrid",4.77,0
2931,"Hybrid",4.87,0
2932,"Hybrid",6.21,0
2933,"Hybrid",4.93,0
2934,"Hybrid",6.79,0
2935,"Hybrid",6.47,1
2936,"Hybrid",5.57,0
2937,"Hybrid",3.42,0
2938,"Hybrid",6.72,0
2939,"Hybrid",2.74,0
2940,"Hybrid",5.58,0
2941,"Hybrid",3.8,1
2942,"Hybrid",5.75,1
2943,"Hybrid",4.72,1
2944,"Hybrid",6.25,0
2945,"Hybrid",4.1,0
2946,"Hybrid",7.44,0
2947,"Hybrid",5.07,0
2948,"Hybrid",4.64,0
2949,"Hybrid",5,0
2950,"Hybrid",4.45,0
2951,"Hybrid",5.84,0
2952,"Hybrid",5.07,0
2953,"Hybrid",5.34,0
2954,"Hybrid",5.84,0
2955,"Hybrid",3.41,0
2956,"Hybrid",5.87,1
2957,"Hybrid",7.4,0
2958,"Hybrid",5.07,0
2959,"Hybrid",5.04,0
2960,"Hybrid",6.94,0
2961,"Hybrid",4.65,0
2962,"Hybrid",7.12,0
2963,"Hybrid",4.74,0
2964,"Hybrid",4.23,0
2965,"Hybrid",4.37,0
2966,"Hybrid",5.91,0
2967,"Hybrid",6.73,0
2968,"Hybrid",6.8,0
2969,"Hybrid",5.09,1
2970,"Hybrid",4.78,0
2971,"Hybrid",6.47,0
2972,"Hybrid",5.37,0
2973,"Hybrid",6.34,0
2974,"Hybrid",6.72,0
2975,"Hybrid",3.51,0
2976,"Hybrid",6.69,0
2977,"Hybrid",6.07,0
2978,"Hybrid",5.7,0
2979,"Hybrid",6.86,0
2980,"Hybrid",2.95,0
2981,"Hybrid",4.65,0
2982,"Hybrid",6.04,0
2983,"Hybrid",6.08,1
2984,"Hybrid",6.88,0
2985,"Hybrid",2.92,0
2986,"Hybrid",1.62,0
2987,"Hybrid",4.33,0
2988,"Hybrid",4.69,1
2989,"Hybrid",5.24,0
2990,"Hybrid",4.7,0
2991,"Hybrid",5.4,1
2992,"Hybrid",8.2,0
2993,"Hybrid",6.11,0
2994,"Hybrid",4.49,1
2995,"Hybrid",8.73,0
2996,"Hybrid",5.73,0
2997,"Hybrid",7.53,0
2998,"Hybrid",6.61,0
2999,"Hybrid",4.18,0
3000,"Hybrid",4.36,1
