Purchase,Amount,Duration
No,5%,15
No,5%,15
No,5%,15
No,5%,15
No,5%,15
No,5%,15
No,5%,15
Yes,5%,15
No,5%,15
No,5%,15
No,5%,15
No,5%,15
No,5%,15
No,5%,15
No,5%,15
Yes,5%,15
No,5%,15
Yes,5%,15
No,5%,15
No,5%,15
No,5%,15
No,5%,15
Yes,5%,15
No,5%,15
No,5%,15
No,5%,15
No,5%,15
No,5%,15
No,5%,15
No,5%,15
No,5%,15
No,5%,15
No,5%,15
No,5%,15
No,5%,15
No,5%,15
No,5%,15
No,5%,15
No,5%,15
No,5%,15
No,5%,15
No,5%,15
No,5%,15
No,5%,15
No,5%,15
No,5%,15
No,5%,15
No,5%,15
No,5%,15
No,5%,15
No,5%,15
No,5%,15
Yes,5%,15
No,5%,15
No,5%,15
No,5%,15
No,5%,15
No,5%,15
No,5%,15
No,5%,15
No,5%,15
No,5%,15
No,5%,15
No,5%,15
Yes,5%,15
No,5%,15
No,5%,15
No,5%,15
No,5%,15
No,5%,15
No,5%,15
No,5%,15
No,5%,15
No,5%,15
No,5%,15
No,5%,15
No,5%,15
No,5%,15
No,5%,15
No,5%,15
No,5%,15
No,5%,15
No,5%,15
No,5%,15
No,5%,15
No,5%,15
No,5%,15
No,5%,15
No,5%,15
No,5%,15
No,5%,15
Yes,5%,15
No,5%,15
No,5%,15
No,5%,15
No,5%,15
No,5%,15
No,5%,15
No,5%,15
No,5%,15
No,5%,15
No,5%,15
No,5%,15
No,5%,15
No,5%,15
No,5%,15
No,5%,15
No,5%,15
No,5%,15
No,5%,15
No,5%,15
No,5%,15
No,5%,15
No,5%,15
No,5%,15
No,5%,15
No,5%,15
No,5%,15
No,5%,15
No,5%,15
No,5%,15
No,5%,15
No,5%,15
No,5%,15
No,5%,15
No,5%,15
No,5%,15
No,5%,15
No,5%,15
No,5%,15
No,5%,15
Yes,5%,15
No,5%,15
No,5%,15
Yes,5%,15
No,5%,15
No,5%,15
No,5%,15
No,5%,15
No,5%,15
No,5%,15
No,5%,15
No,5%,15
No,5%,15
No,5%,15
No,5%,15
No,5%,15
No,5%,15
No,5%,15
No,5%,15
No,5%,15
No,5%,15
No,5%,15
No,5%,15
No,5%,15
No,5%,15
No,5%,15
No,5%,15
No,5%,15
No,5%,15
No,5%,15
Yes,5%,15
Yes,5%,15
No,5%,15
No,5%,15
No,5%,15
No,5%,15
No,5%,15
No,5%,15
No,5%,15
No,5%,15
No,5%,15
No,5%,15
Yes,5%,15
No,5%,15
No,5%,15
No,5%,15
Yes,5%,15
No,5%,15
No,5%,15
No,5%,15
No,5%,15
No,5%,15
No,5%,15
Yes,5%,15
No,5%,15
No,5%,15
No,5%,15
No,5%,15
Yes,5%,15
No,5%,15
No,5%,15
No,5%,15
No,5%,15
No,5%,15
No,5%,15
No,5%,15
No,5%,15
No,5%,15
No,5%,15
No,5%,15
No,5%,15
No,5%,15
No,5%,15
No,5%,15
No,5%,15
No,5%,15
No,5%,15
No,5%,15
No,5%,15
No,5%,15
No,5%,15
No,5%,15
No,5%,15
No,5%,15
No,5%,15
No,5%,15
Yes,5%,15
No,5%,15
No,5%,15
No,5%,15
No,5%,15
No,5%,15
No,5%,15
No,5%,15
Yes,5%,15
No,5%,15
No,5%,15
No,5%,15
No,5%,15
No,5%,15
No,5%,15
No,5%,15
No,5%,15
No,5%,15
No,5%,15
No,5%,15
No,5%,15
No,5%,15
No,5%,15
No,5%,15
No,5%,15
No,5%,15
No,5%,15
No,5%,15
No,5%,15
No,5%,15
No,5%,15
No,5%,15
No,5%,15
No,5%,15
Yes,5%,15
No,5%,15
No,5%,15
No,5%,15
No,5%,15
No,5%,15
No,5%,15
No,5%,15
No,5%,15
No,5%,15
Yes,5%,15
No,5%,15
No,5%,15
No,5%,15
No,5%,15
No,5%,15
Yes,5%,15
No,5%,15
No,5%,15
Yes,5%,15
No,5%,15
No,5%,15
No,5%,15
No,5%,15
No,5%,15
No,5%,15
No,5%,15
No,5%,15
No,5%,15
No,5%,15
No,5%,15
Yes,5%,15
No,5%,15
No,5%,15
No,5%,15
No,5%,15
No,5%,15
No,5%,15
No,5%,15
No,5%,15
No,5%,15
No,5%,15
Yes,5%,15
No,5%,15
No,5%,15
No,5%,15
No,5%,15
No,5%,15
No,5%,15
No,5%,15
No,5%,15
No,5%,15
No,5%,15
No,5%,15
No,5%,15
No,5%,15
No,5%,15
No,5%,15
No,5%,15
No,5%,15
No,5%,15
No,5%,15
Yes,5%,15
No,5%,15
No,5%,15
No,5%,15
No,5%,15
No,5%,15
No,5%,15
No,5%,15
No,5%,15
No,5%,15
No,5%,15
No,5%,15
Yes,5%,15
No,5%,15
No,5%,15
No,5%,15
No,5%,15
No,5%,15
No,5%,15
No,5%,15
No,5%,15
No,5%,15
No,5%,15
No,5%,15
No,5%,15
No,5%,15
No,5%,15
No,5%,15
No,5%,15
Yes,5%,15
No,5%,15
No,5%,15
No,5%,15
No,5%,15
No,5%,15
No,5%,15
Yes,5%,15
No,5%,15
No,5%,15
No,5%,15
No,5%,15
No,5%,15
No,5%,15
No,5%,15
No,5%,15
No,5%,15
No,5%,15
No,5%,15
No,5%,15
No,5%,15
No,5%,15
No,5%,15
No,5%,15
No,5%,15
No,5%,15
No,5%,15
No,5%,15
No,5%,15
No,5%,15
No,5%,15
Yes,5%,15
No,5%,15
No,5%,15
No,5%,15
No,5%,15
Yes,5%,15
Yes,5%,15
No,5%,15
No,5%,15
No,5%,15
No,5%,15
Yes,5%,15
No,5%,15
No,5%,15
No,5%,15
No,5%,15
No,5%,15
Yes,5%,15
No,5%,15
Yes,5%,15
Yes,5%,15
No,5%,15
No,5%,15
No,5%,15
Yes,5%,15
Yes,5%,15
Yes,5%,15
No,5%,15
No,5%,15
No,5%,15
Yes,5%,15
No,5%,15
No,5%,15
No,5%,15
No,5%,15
No,5%,15
No,5%,15
No,5%,15
No,5%,15
No,5%,15
No,5%,15
No,5%,15
No,5%,15
Yes,5%,15
No,5%,15
No,5%,15
No,5%,15
No,5%,15
No,5%,15
No,5%,15
No,5%,15
No,5%,15
No,5%,15
No,5%,15
No,5%,15
No,5%,15
No,5%,15
No,5%,15
No,5%,15
No,5%,15
No,5%,15
No,5%,15
No,5%,15
No,5%,15
No,5%,15
No,5%,15
No,5%,15
No,5%,15
No,5%,15
No,5%,15
No,5%,15
No,5%,15
No,5%,15
No,5%,15
No,5%,15
No,5%,15
Yes,5%,15
No,5%,15
No,5%,15
Yes,5%,15
No,5%,15
No,5%,15
No,5%,15
No,5%,15
No,5%,15
No,5%,15
No,5%,15
No,5%,15
Yes,5%,15
No,5%,15
No,5%,15
No,5%,15
No,5%,15
No,5%,15
No,5%,15
No,5%,15
No,5%,15
No,5%,15
No,5%,15
No,5%,15
No,5%,15
No,5%,15
No,5%,15
No,5%,15
No,5%,15
No,5%,15
No,5%,15
No,5%,15
No,5%,15
No,5%,15
No,5%,15
No,5%,15
No,5%,15
No,5%,15
No,5%,15
No,5%,15
No,5%,15
No,5%,15
No,5%,15
No,5%,15
No,5%,15
No,5%,15
No,5%,15
No,5%,15
No,5%,15
No,5%,15
No,5%,15
No,5%,30
No,5%,30
No,5%,30
No,5%,30
No,5%,30
No,5%,30
No,5%,30
No,5%,30
No,5%,30
No,5%,30
No,5%,30
No,5%,30
No,5%,30
No,5%,30
No,5%,30
No,5%,30
No,5%,30
No,5%,30
No,5%,30
No,5%,30
No,5%,30
No,5%,30
No,5%,30
No,5%,30
No,5%,30
No,5%,30
No,5%,30
No,5%,30
No,5%,30
No,5%,30
No,5%,30
No,5%,30
No,5%,30
No,5%,30
No,5%,30
No,5%,30
No,5%,30
No,5%,30
No,5%,30
No,5%,30
No,5%,30
No,5%,30
No,5%,30
No,5%,30
No,5%,30
No,5%,30
No,5%,30
No,5%,30
No,5%,30
No,5%,30
No,5%,30
No,5%,30
No,5%,30
No,5%,30
No,5%,30
No,5%,30
No,5%,30
No,5%,30
No,5%,30
No,5%,30
No,5%,30
No,5%,30
No,5%,30
No,5%,30
No,5%,30
No,5%,30
No,5%,30
No,5%,30
No,5%,30
No,5%,30
No,5%,30
No,5%,30
Yes,5%,30
No,5%,30
No,5%,30
No,5%,30
No,5%,30
No,5%,30
No,5%,30
No,5%,30
No,5%,30
No,5%,30
No,5%,30
No,5%,30
No,5%,30
No,5%,30
No,5%,30
No,5%,30
No,5%,30
No,5%,30
No,5%,30
No,5%,30
No,5%,30
No,5%,30
No,5%,30
No,5%,30
No,5%,30
Yes,5%,30
No,5%,30
No,5%,30
No,5%,30
No,5%,30
No,5%,30
No,5%,30
No,5%,30
No,5%,30
No,5%,30
No,5%,30
No,5%,30
Yes,5%,30
No,5%,30
No,5%,30
No,5%,30
No,5%,30
No,5%,30
No,5%,30
No,5%,30
No,5%,30
No,5%,30
No,5%,30
No,5%,30
No,5%,30
No,5%,30
No,5%,30
No,5%,30
Yes,5%,30
No,5%,30
No,5%,30
No,5%,30
No,5%,30
No,5%,30
No,5%,30
No,5%,30
No,5%,30
No,5%,30
No,5%,30
No,5%,30
No,5%,30
No,5%,30
No,5%,30
No,5%,30
No,5%,30
No,5%,30
No,5%,30
No,5%,30
No,5%,30
No,5%,30
No,5%,30
No,5%,30
No,5%,30
No,5%,30
No,5%,30
No,5%,30
No,5%,30
No,5%,30
No,5%,30
No,5%,30
No,5%,30
No,5%,30
No,5%,30
No,5%,30
No,5%,30
No,5%,30
No,5%,30
No,5%,30
No,5%,30
No,5%,30
No,5%,30
No,5%,30
No,5%,30
No,5%,30
Yes,5%,30
No,5%,30
No,5%,30
No,5%,30
No,5%,30
No,5%,30
No,5%,30
No,5%,30
No,5%,30
No,5%,30
No,5%,30
No,5%,30
No,5%,30
No,5%,30
No,5%,30
No,5%,30
No,5%,30
No,5%,30
No,5%,30
No,5%,30
No,5%,30
No,5%,30
No,5%,30
No,5%,30
No,5%,30
No,5%,30
No,5%,30
No,5%,30
No,5%,30
No,5%,30
No,5%,30
No,5%,30
No,5%,30
No,5%,30
No,5%,30
No,5%,30
No,5%,30
No,5%,30
No,5%,30
No,5%,30
No,5%,30
No,5%,30
No,5%,30
No,5%,30
No,5%,30
No,5%,30
No,5%,30
No,5%,30
No,5%,30
No,5%,30
No,5%,30
No,5%,30
No,5%,30
No,5%,30
No,5%,30
No,5%,30
No,5%,30
No,5%,30
No,5%,30
No,5%,30
No,5%,30
No,5%,30
No,5%,30
Yes,5%,30
No,5%,30
No,5%,30
No,5%,30
No,5%,30
No,5%,30
No,5%,30
No,5%,30
No,5%,30
No,5%,30
No,5%,30
No,5%,30
No,5%,30
No,5%,30
No,5%,30
No,5%,30
No,5%,30
No,5%,30
No,5%,30
No,5%,30
No,5%,30
No,5%,30
No,5%,30
No,5%,30
Yes,5%,30
No,5%,30
No,5%,30
No,5%,30
No,5%,30
No,5%,30
No,5%,30
No,5%,30
No,5%,30
No,5%,30
No,5%,30
No,5%,30
No,5%,30
No,5%,30
No,5%,30
No,5%,30
No,5%,30
No,5%,30
No,5%,30
No,5%,30
No,5%,30
No,5%,30
No,5%,30
No,5%,30
No,5%,30
No,5%,30
No,5%,30
No,5%,30
No,5%,30
No,5%,30
No,5%,30
No,5%,30
No,5%,30
No,5%,30
No,5%,30
No,5%,30
No,5%,30
No,5%,30
No,5%,30
No,5%,30
No,5%,30
No,5%,30
No,5%,30
No,5%,30
No,5%,30
No,5%,30
No,5%,30
No,5%,30
No,5%,30
No,5%,30
No,5%,30
No,5%,30
Yes,5%,30
No,5%,30
No,5%,30
No,5%,30
No,5%,30
No,5%,30
No,5%,30
No,5%,30
No,5%,30
No,5%,30
No,5%,30
No,5%,30
No,5%,30
No,5%,30
No,5%,30
No,5%,30
No,5%,30
No,5%,30
No,5%,30
No,5%,30
No,5%,30
No,5%,30
No,5%,30
No,5%,30
No,5%,30
No,5%,30
No,5%,30
No,5%,30
Yes,5%,30
No,5%,30
No,5%,30
No,5%,30
No,5%,30
No,5%,30
No,5%,30
No,5%,30
No,5%,30
No,5%,30
No,5%,30
No,5%,30
No,5%,30
No,5%,30
No,5%,30
No,5%,30
No,5%,30
No,5%,30
No,5%,30
No,5%,30
No,5%,30
No,5%,30
No,5%,30
No,5%,30
No,5%,30
No,5%,30
No,5%,30
No,5%,30
No,5%,30
No,5%,30
No,5%,30
No,5%,30
No,5%,30
No,5%,30
No,5%,30
No,5%,30
No,5%,30
No,5%,30
No,5%,30
No,5%,30
No,5%,30
No,5%,30
No,5%,30
No,5%,30
No,5%,30
No,5%,30
No,5%,30
Yes,5%,30
Yes,5%,30
No,5%,30
No,5%,30
No,5%,30
No,5%,30
No,5%,30
No,5%,30
No,5%,30
No,5%,30
No,5%,30
No,5%,30
No,5%,30
No,5%,30
No,5%,30
No,5%,30
No,5%,30
No,5%,30
No,5%,30
No,5%,30
No,5%,30
No,5%,30
No,5%,30
No,5%,30
No,5%,30
No,5%,30
No,5%,30
No,5%,30
No,5%,30
No,5%,30
No,5%,30
No,5%,30
Yes,5%,30
No,5%,30
No,5%,30
No,5%,30
No,5%,30
No,5%,30
No,5%,30
No,5%,30
No,5%,30
No,5%,30
No,5%,30
No,5%,30
No,5%,30
No,5%,30
No,5%,30
No,5%,30
No,5%,30
No,5%,30
No,5%,30
No,5%,30
No,5%,30
No,5%,30
No,5%,30
No,5%,30
No,5%,30
No,5%,30
No,5%,30
No,5%,30
No,5%,30
No,5%,30
No,5%,30
No,5%,30
No,5%,30
No,5%,30
No,5%,30
No,5%,30
No,5%,30
No,5%,30
No,5%,30
No,5%,30
No,5%,30
No,5%,30
No,5%,30
Yes,5%,30
No,5%,30
No,5%,30
No,5%,30
No,5%,30
No,5%,30
No,5%,30
No,5%,30
No,5%,30
No,5%,30
No,5%,30
No,5%,30
No,5%,30
No,5%,30
No,5%,30
No,5%,30
No,5%,30
Yes,5%,30
No,5%,30
No,5%,30
No,5%,30
No,5%,30
No,5%,30
No,5%,30
No,5%,30
No,5%,30
No,5%,30
No,5%,30
No,5%,30
No,5%,30
No,5%,30
No,5%,30
No,5%,30
No,5%,30
No,5%,30
No,5%,30
No,5%,30
No,5%,30
No,5%,30
No,5%,30
No,5%,60
No,5%,60
No,5%,60
No,5%,60
No,5%,60
No,5%,60
No,5%,60
No,5%,60
No,5%,60
No,5%,60
No,5%,60
No,5%,60
No,5%,60
No,5%,60
No,5%,60
No,5%,60
No,5%,60
No,5%,60
No,5%,60
No,5%,60
No,5%,60
No,5%,60
No,5%,60
No,5%,60
No,5%,60
No,5%,60
No,5%,60
No,5%,60
No,5%,60
No,5%,60
No,5%,60
No,5%,60
No,5%,60
No,5%,60
No,5%,60
No,5%,60
No,5%,60
No,5%,60
Yes,5%,60
No,5%,60
No,5%,60
No,5%,60
No,5%,60
No,5%,60
No,5%,60
No,5%,60
No,5%,60
No,5%,60
No,5%,60
No,5%,60
No,5%,60
No,5%,60
No,5%,60
No,5%,60
No,5%,60
No,5%,60
No,5%,60
No,5%,60
No,5%,60
No,5%,60
No,5%,60
No,5%,60
No,5%,60
No,5%,60
No,5%,60
No,5%,60
No,5%,60
No,5%,60
No,5%,60
No,5%,60
No,5%,60
No,5%,60
No,5%,60
No,5%,60
No,5%,60
No,5%,60
No,5%,60
No,5%,60
No,5%,60
No,5%,60
No,5%,60
No,5%,60
No,5%,60
No,5%,60
No,5%,60
No,5%,60
No,5%,60
No,5%,60
No,5%,60
No,5%,60
No,5%,60
No,5%,60
No,5%,60
No,5%,60
No,5%,60
No,5%,60
No,5%,60
No,5%,60
No,5%,60
No,5%,60
No,5%,60
No,5%,60
No,5%,60
No,5%,60
No,5%,60
No,5%,60
No,5%,60
No,5%,60
No,5%,60
No,5%,60
No,5%,60
No,5%,60
No,5%,60
No,5%,60
No,5%,60
No,5%,60
No,5%,60
No,5%,60
No,5%,60
No,5%,60
Yes,5%,60
No,5%,60
No,5%,60
No,5%,60
No,5%,60
No,5%,60
No,5%,60
No,5%,60
No,5%,60
Yes,5%,60
No,5%,60
No,5%,60
No,5%,60
No,5%,60
No,5%,60
No,5%,60
No,5%,60
No,5%,60
No,5%,60
No,5%,60
No,5%,60
No,5%,60
No,5%,60
No,5%,60
No,5%,60
No,5%,60
No,5%,60
No,5%,60
No,5%,60
No,5%,60
No,5%,60
No,5%,60
No,5%,60
Yes,5%,60
No,5%,60
No,5%,60
No,5%,60
No,5%,60
No,5%,60
No,5%,60
No,5%,60
No,5%,60
No,5%,60
No,5%,60
No,5%,60
No,5%,60
No,5%,60
No,5%,60
No,5%,60
No,5%,60
Yes,5%,60
No,5%,60
No,5%,60
No,5%,60
No,5%,60
No,5%,60
No,5%,60
No,5%,60
No,5%,60
No,5%,60
No,5%,60
No,5%,60
No,5%,60
No,5%,60
No,5%,60
No,5%,60
No,5%,60
No,5%,60
No,5%,60
No,5%,60
No,5%,60
No,5%,60
No,5%,60
No,5%,60
No,5%,60
No,5%,60
No,5%,60
No,5%,60
No,5%,60
No,5%,60
No,5%,60
No,5%,60
No,5%,60
No,5%,60
Yes,5%,60
No,5%,60
No,5%,60
No,5%,60
No,5%,60
No,5%,60
No,5%,60
No,5%,60
No,5%,60
Yes,5%,60
No,5%,60
No,5%,60
No,5%,60
No,5%,60
No,5%,60
No,5%,60
No,5%,60
No,5%,60
No,5%,60
No,5%,60
No,5%,60
No,5%,60
No,5%,60
No,5%,60
No,5%,60
No,5%,60
No,5%,60
No,5%,60
No,5%,60
No,5%,60
No,5%,60
No,5%,60
No,5%,60
No,5%,60
No,5%,60
No,5%,60
No,5%,60
No,5%,60
No,5%,60
No,5%,60
No,5%,60
No,5%,60
No,5%,60
No,5%,60
No,5%,60
No,5%,60
No,5%,60
No,5%,60
No,5%,60
No,5%,60
No,5%,60
No,5%,60
No,5%,60
No,5%,60
No,5%,60
Yes,5%,60
Yes,5%,60
No,5%,60
No,5%,60
No,5%,60
No,5%,60
No,5%,60
No,5%,60
No,5%,60
No,5%,60
No,5%,60
No,5%,60
No,5%,60
No,5%,60
Yes,5%,60
No,5%,60
No,5%,60
No,5%,60
No,5%,60
No,5%,60
No,5%,60
No,5%,60
No,5%,60
No,5%,60
No,5%,60
No,5%,60
No,5%,60
No,5%,60
No,5%,60
No,5%,60
No,5%,60
No,5%,60
No,5%,60
No,5%,60
No,5%,60
No,5%,60
No,5%,60
No,5%,60
No,5%,60
No,5%,60
No,5%,60
No,5%,60
No,5%,60
No,5%,60
No,5%,60
No,5%,60
No,5%,60
No,5%,60
No,5%,60
No,5%,60
No,5%,60
No,5%,60
No,5%,60
Yes,5%,60
No,5%,60
No,5%,60
No,5%,60
No,5%,60
No,5%,60
No,5%,60
No,5%,60
No,5%,60
No,5%,60
No,5%,60
No,5%,60
No,5%,60
No,5%,60
Yes,5%,60
No,5%,60
No,5%,60
No,5%,60
No,5%,60
No,5%,60
No,5%,60
No,5%,60
No,5%,60
No,5%,60
No,5%,60
No,5%,60
No,5%,60
No,5%,60
No,5%,60
No,5%,60
No,5%,60
No,5%,60
No,5%,60
No,5%,60
No,5%,60
No,5%,60
No,5%,60
No,5%,60
No,5%,60
No,5%,60
No,5%,60
No,5%,60
No,5%,60
No,5%,60
No,5%,60
No,5%,60
No,5%,60
No,5%,60
No,5%,60
No,5%,60
No,5%,60
No,5%,60
No,5%,60
No,5%,60
No,5%,60
No,5%,60
No,5%,60
No,5%,60
No,5%,60
No,5%,60
No,5%,60
No,5%,60
No,5%,60
No,5%,60
No,5%,60
No,5%,60
No,5%,60
No,5%,60
No,5%,60
No,5%,60
No,5%,60
No,5%,60
No,5%,60
No,5%,60
No,5%,60
Yes,5%,60
No,5%,60
No,5%,60
No,5%,60
No,5%,60
No,5%,60
No,5%,60
No,5%,60
No,5%,60
No,5%,60
No,5%,60
No,5%,60
No,5%,60
No,5%,60
No,5%,60
No,5%,60
No,5%,60
No,5%,60
Yes,5%,60
No,5%,60
No,5%,60
No,5%,60
No,5%,60
No,5%,60
No,5%,60
No,5%,60
No,5%,60
No,5%,60
No,5%,60
No,5%,60
No,5%,60
No,5%,60
No,5%,60
No,5%,60
No,5%,60
No,5%,60
No,5%,60
No,5%,60
No,5%,60
No,5%,60
No,5%,60
No,5%,60
Yes,5%,60
No,5%,60
No,5%,60
No,5%,60
No,5%,60
No,5%,60
No,5%,60
No,5%,60
No,5%,60
No,5%,60
No,5%,60
Yes,5%,60
No,5%,60
No,5%,60
No,5%,60
No,5%,60
No,5%,60
No,5%,60
No,5%,60
No,5%,60
No,5%,60
No,5%,60
No,5%,60
No,5%,60
No,5%,60
No,5%,60
No,5%,60
No,5%,60
No,5%,60
No,5%,60
No,5%,60
No,5%,60
No,5%,60
No,5%,60
No,5%,60
No,5%,60
No,5%,60
No,5%,60
No,5%,60
No,5%,60
No,5%,60
No,5%,60
No,5%,60
No,5%,60
No,5%,60
No,5%,60
No,5%,60
No,5%,60
Yes,5%,60
No,5%,60
No,5%,60
No,5%,60
No,5%,60
No,5%,60
No,5%,60
No,5%,60
No,5%,60
No,5%,60
No,5%,60
No,5%,60
No,5%,60
No,5%,60
No,5%,60
No,5%,60
No,5%,60
No,5%,60
No,5%,60
No,5%,60
No,5%,60
Yes,5%,60
No,5%,60
No,10%,15
No,10%,15
No,10%,15
No,10%,15
No,10%,15
No,10%,15
No,10%,15
No,10%,15
No,10%,15
No,10%,15
Yes,10%,15
No,10%,15
No,10%,15
No,10%,15
No,10%,15
No,10%,15
No,10%,15
No,10%,15
No,10%,15
Yes,10%,15
Yes,10%,15
No,10%,15
No,10%,15
No,10%,15
Yes,10%,15
No,10%,15
Yes,10%,15
No,10%,15
No,10%,15
No,10%,15
No,10%,15
No,10%,15
No,10%,15
No,10%,15
Yes,10%,15
No,10%,15
No,10%,15
No,10%,15
No,10%,15
No,10%,15
No,10%,15
No,10%,15
No,10%,15
No,10%,15
No,10%,15
No,10%,15
No,10%,15
No,10%,15
No,10%,15
No,10%,15
No,10%,15
No,10%,15
No,10%,15
Yes,10%,15
No,10%,15
Yes,10%,15
No,10%,15
No,10%,15
No,10%,15
No,10%,15
No,10%,15
No,10%,15
No,10%,15
Yes,10%,15
No,10%,15
No,10%,15
Yes,10%,15
Yes,10%,15
No,10%,15
No,10%,15
No,10%,15
No,10%,15
Yes,10%,15
No,10%,15
No,10%,15
No,10%,15
Yes,10%,15
No,10%,15
No,10%,15
No,10%,15
No,10%,15
No,10%,15
Yes,10%,15
No,10%,15
No,10%,15
No,10%,15
Yes,10%,15
Yes,10%,15
No,10%,15
No,10%,15
No,10%,15
No,10%,15
No,10%,15
No,10%,15
No,10%,15
No,10%,15
No,10%,15
No,10%,15
No,10%,15
No,10%,15
No,10%,15
No,10%,15
No,10%,15
No,10%,15
No,10%,15
No,10%,15
No,10%,15
No,10%,15
No,10%,15
No,10%,15
No,10%,15
No,10%,15
Yes,10%,15
Yes,10%,15
No,10%,15
Yes,10%,15
Yes,10%,15
No,10%,15
No,10%,15
No,10%,15
Yes,10%,15
No,10%,15
No,10%,15
No,10%,15
No,10%,15
No,10%,15
No,10%,15
No,10%,15
No,10%,15
No,10%,15
No,10%,15
No,10%,15
No,10%,15
No,10%,15
No,10%,15
Yes,10%,15
Yes,10%,15
No,10%,15
No,10%,15
No,10%,15
No,10%,15
No,10%,15
No,10%,15
No,10%,15
No,10%,15
No,10%,15
No,10%,15
No,10%,15
No,10%,15
No,10%,15
No,10%,15
No,10%,15
No,10%,15
No,10%,15
No,10%,15
No,10%,15
No,10%,15
No,10%,15
No,10%,15
Yes,10%,15
No,10%,15
Yes,10%,15
No,10%,15
No,10%,15
No,10%,15
No,10%,15
No,10%,15
No,10%,15
No,10%,15
No,10%,15
Yes,10%,15
No,10%,15
No,10%,15
Yes,10%,15
No,10%,15
Yes,10%,15
No,10%,15
No,10%,15
No,10%,15
Yes,10%,15
No,10%,15
No,10%,15
No,10%,15
No,10%,15
No,10%,15
No,10%,15
No,10%,15
No,10%,15
No,10%,15
No,10%,15
No,10%,15
Yes,10%,15
Yes,10%,15
No,10%,15
No,10%,15
No,10%,15
No,10%,15
No,10%,15
No,10%,15
No,10%,15
No,10%,15
No,10%,15
No,10%,15
No,10%,15
No,10%,15
No,10%,15
No,10%,15
No,10%,15
No,10%,15
No,10%,15
No,10%,15
No,10%,15
No,10%,15
No,10%,15
No,10%,15
No,10%,15
No,10%,15
No,10%,15
No,10%,15
No,10%,15
No,10%,15
No,10%,15
No,10%,15
No,10%,15
No,10%,15
No,10%,15
No,10%,15
No,10%,15
Yes,10%,15
No,10%,15
No,10%,15
No,10%,15
No,10%,15
No,10%,15
No,10%,15
Yes,10%,15
Yes,10%,15
Yes,10%,15
No,10%,15
No,10%,15
No,10%,15
No,10%,15
No,10%,15
No,10%,15
No,10%,15
No,10%,15
No,10%,15
No,10%,15
No,10%,15
No,10%,15
No,10%,15
No,10%,15
No,10%,15
No,10%,15
No,10%,15
Yes,10%,15
No,10%,15
No,10%,15
No,10%,15
No,10%,15
No,10%,15
No,10%,15
No,10%,15
No,10%,15
No,10%,15
No,10%,15
No,10%,15
Yes,10%,15
No,10%,15
No,10%,15
No,10%,15
No,10%,15
No,10%,15
No,10%,15
Yes,10%,15
No,10%,15
No,10%,15
No,10%,15
Yes,10%,15
No,10%,15
No,10%,15
No,10%,15
Yes,10%,15
No,10%,15
Yes,10%,15
No,10%,15
No,10%,15
No,10%,15
No,10%,15
No,10%,15
Yes,10%,15
Yes,10%,15
No,10%,15
No,10%,15
No,10%,15
Yes,10%,15
No,10%,15
No,10%,15
No,10%,15
No,10%,15
Yes,10%,15
No,10%,15
No,10%,15
Yes,10%,15
No,10%,15
No,10%,15
No,10%,15
No,10%,15
No,10%,15
No,10%,15
No,10%,15
No,10%,15
Yes,10%,15
No,10%,15
No,10%,15
No,10%,15
No,10%,15
No,10%,15
No,10%,15
No,10%,15
No,10%,15
No,10%,15
No,10%,15
No,10%,15
No,10%,15
No,10%,15
No,10%,15
No,10%,15
No,10%,15
No,10%,15
Yes,10%,15
No,10%,15
No,10%,15
No,10%,15
No,10%,15
No,10%,15
No,10%,15
No,10%,15
No,10%,15
No,10%,15
No,10%,15
No,10%,15
No,10%,15
No,10%,15
Yes,10%,15
No,10%,15
No,10%,15
No,10%,15
No,10%,15
No,10%,15
No,10%,15
No,10%,15
No,10%,15
No,10%,15
No,10%,15
No,10%,15
No,10%,15
No,10%,15
No,10%,15
No,10%,15
No,10%,15
No,10%,15
No,10%,15
No,10%,15
No,10%,15
No,10%,15
Yes,10%,15
Yes,10%,15
No,10%,15
No,10%,15
No,10%,15
No,10%,15
No,10%,15
No,10%,15
No,10%,15
No,10%,15
Yes,10%,15
No,10%,15
No,10%,15
No,10%,15
No,10%,15
No,10%,15
No,10%,15
No,10%,15
No,10%,15
No,10%,15
No,10%,15
No,10%,15
No,10%,15
No,10%,15
No,10%,15
No,10%,15
No,10%,15
No,10%,15
No,10%,15
No,10%,15
No,10%,15
Yes,10%,15
No,10%,15
No,10%,15
No,10%,15
No,10%,15
No,10%,15
No,10%,15
No,10%,15
No,10%,15
No,10%,15
Yes,10%,15
No,10%,15
No,10%,15
No,10%,15
No,10%,15
No,10%,15
No,10%,15
No,10%,15
No,10%,15
Yes,10%,15
No,10%,15
No,10%,15
No,10%,15
No,10%,15
No,10%,15
No,10%,15
No,10%,15
No,10%,15
No,10%,15
No,10%,15
No,10%,15
No,10%,15
No,10%,15
No,10%,15
No,10%,15
Yes,10%,15
No,10%,15
No,10%,15
No,10%,15
No,10%,15
No,10%,15
No,10%,15
No,10%,15
No,10%,15
No,10%,15
No,10%,15
No,10%,15
Yes,10%,15
No,10%,15
No,10%,15
Yes,10%,15
No,10%,15
No,10%,15
No,10%,15
Yes,10%,15
No,10%,15
No,10%,15
No,10%,15
No,10%,15
No,10%,15
No,10%,15
No,10%,15
No,10%,15
No,10%,15
Yes,10%,15
No,10%,15
No,10%,15
Yes,10%,15
No,10%,15
No,10%,15
No,10%,15
No,10%,15
No,10%,15
No,10%,15
No,10%,15
No,10%,15
No,10%,15
No,10%,15
No,10%,15
No,10%,15
No,10%,15
No,10%,15
No,10%,15
No,10%,15
No,10%,15
No,10%,15
No,10%,15
No,10%,15
No,10%,15
No,10%,15
No,10%,15
No,10%,15
No,10%,15
No,10%,15
No,10%,15
No,10%,15
No,10%,15
No,10%,15
No,10%,15
No,10%,15
No,10%,15
No,10%,15
No,10%,15
No,10%,30
No,10%,30
No,10%,30
No,10%,30
No,10%,30
No,10%,30
Yes,10%,30
No,10%,30
No,10%,30
No,10%,30
No,10%,30
No,10%,30
No,10%,30
No,10%,30
No,10%,30
No,10%,30
No,10%,30
No,10%,30
No,10%,30
No,10%,30
No,10%,30
No,10%,30
No,10%,30
No,10%,30
No,10%,30
No,10%,30
No,10%,30
No,10%,30
No,10%,30
No,10%,30
No,10%,30
No,10%,30
No,10%,30
No,10%,30
No,10%,30
No,10%,30
No,10%,30
No,10%,30
No,10%,30
Yes,10%,30
No,10%,30
Yes,10%,30
No,10%,30
No,10%,30
No,10%,30
No,10%,30
No,10%,30
No,10%,30
No,10%,30
No,10%,30
No,10%,30
No,10%,30
No,10%,30
No,10%,30
No,10%,30
No,10%,30
No,10%,30
No,10%,30
No,10%,30
No,10%,30
No,10%,30
No,10%,30
No,10%,30
No,10%,30
No,10%,30
No,10%,30
No,10%,30
No,10%,30
No,10%,30
No,10%,30
No,10%,30
No,10%,30
No,10%,30
No,10%,30
No,10%,30
No,10%,30
No,10%,30
No,10%,30
Yes,10%,30
Yes,10%,30
No,10%,30
No,10%,30
No,10%,30
No,10%,30
No,10%,30
No,10%,30
No,10%,30
No,10%,30
No,10%,30
No,10%,30
No,10%,30
No,10%,30
No,10%,30
No,10%,30
No,10%,30
No,10%,30
No,10%,30
No,10%,30
No,10%,30
No,10%,30
No,10%,30
No,10%,30
No,10%,30
No,10%,30
No,10%,30
No,10%,30
No,10%,30
No,10%,30
No,10%,30
No,10%,30
No,10%,30
No,10%,30
No,10%,30
No,10%,30
No,10%,30
No,10%,30
Yes,10%,30
No,10%,30
No,10%,30
No,10%,30
No,10%,30
No,10%,30
No,10%,30
Yes,10%,30
No,10%,30
No,10%,30
No,10%,30
No,10%,30
No,10%,30
No,10%,30
No,10%,30
No,10%,30
No,10%,30
No,10%,30
No,10%,30
No,10%,30
No,10%,30
No,10%,30
No,10%,30
No,10%,30
No,10%,30
No,10%,30
No,10%,30
Yes,10%,30
No,10%,30
No,10%,30
No,10%,30
No,10%,30
No,10%,30
No,10%,30
No,10%,30
No,10%,30
No,10%,30
No,10%,30
No,10%,30
No,10%,30
No,10%,30
No,10%,30
No,10%,30
Yes,10%,30
No,10%,30
No,10%,30
No,10%,30
No,10%,30
No,10%,30
No,10%,30
No,10%,30
Yes,10%,30
No,10%,30
No,10%,30
No,10%,30
No,10%,30
No,10%,30
No,10%,30
No,10%,30
No,10%,30
No,10%,30
No,10%,30
No,10%,30
No,10%,30
No,10%,30
No,10%,30
No,10%,30
No,10%,30
No,10%,30
No,10%,30
No,10%,30
No,10%,30
No,10%,30
No,10%,30
No,10%,30
No,10%,30
No,10%,30
No,10%,30
No,10%,30
No,10%,30
No,10%,30
No,10%,30
Yes,10%,30
No,10%,30
No,10%,30
No,10%,30
No,10%,30
No,10%,30
No,10%,30
No,10%,30
No,10%,30
No,10%,30
No,10%,30
No,10%,30
No,10%,30
No,10%,30
No,10%,30
No,10%,30
No,10%,30
No,10%,30
No,10%,30
No,10%,30
No,10%,30
No,10%,30
No,10%,30
No,10%,30
No,10%,30
No,10%,30
No,10%,30
No,10%,30
No,10%,30
No,10%,30
No,10%,30
No,10%,30
No,10%,30
No,10%,30
No,10%,30
No,10%,30
No,10%,30
No,10%,30
No,10%,30
No,10%,30
No,10%,30
No,10%,30
No,10%,30
No,10%,30
No,10%,30
No,10%,30
No,10%,30
No,10%,30
No,10%,30
No,10%,30
No,10%,30
No,10%,30
No,10%,30
No,10%,30
No,10%,30
No,10%,30
Yes,10%,30
No,10%,30
No,10%,30
No,10%,30
No,10%,30
No,10%,30
No,10%,30
No,10%,30
No,10%,30
No,10%,30
No,10%,30
No,10%,30
No,10%,30
No,10%,30
No,10%,30
No,10%,30
No,10%,30
No,10%,30
No,10%,30
No,10%,30
No,10%,30
No,10%,30
Yes,10%,30
No,10%,30
No,10%,30
No,10%,30
Yes,10%,30
No,10%,30
No,10%,30
No,10%,30
Yes,10%,30
No,10%,30
No,10%,30
No,10%,30
No,10%,30
No,10%,30
No,10%,30
No,10%,30
No,10%,30
No,10%,30
No,10%,30
No,10%,30
No,10%,30
No,10%,30
No,10%,30
No,10%,30
No,10%,30
No,10%,30
No,10%,30
No,10%,30
No,10%,30
No,10%,30
No,10%,30
No,10%,30
No,10%,30
No,10%,30
No,10%,30
No,10%,30
No,10%,30
No,10%,30
No,10%,30
No,10%,30
No,10%,30
No,10%,30
No,10%,30
No,10%,30
No,10%,30
No,10%,30
No,10%,30
No,10%,30
No,10%,30
No,10%,30
No,10%,30
No,10%,30
No,10%,30
No,10%,30
No,10%,30
No,10%,30
No,10%,30
No,10%,30
No,10%,30
Yes,10%,30
No,10%,30
No,10%,30
No,10%,30
No,10%,30
No,10%,30
No,10%,30
No,10%,30
No,10%,30
No,10%,30
No,10%,30
No,10%,30
No,10%,30
No,10%,30
No,10%,30
No,10%,30
No,10%,30
No,10%,30
No,10%,30
No,10%,30
No,10%,30
No,10%,30
No,10%,30
No,10%,30
No,10%,30
No,10%,30
No,10%,30
No,10%,30
No,10%,30
No,10%,30
No,10%,30
No,10%,30
No,10%,30
No,10%,30
No,10%,30
No,10%,30
No,10%,30
No,10%,30
No,10%,30
No,10%,30
No,10%,30
No,10%,30
No,10%,30
No,10%,30
No,10%,30
No,10%,30
No,10%,30
No,10%,30
No,10%,30
No,10%,30
No,10%,30
No,10%,30
No,10%,30
No,10%,30
No,10%,30
No,10%,30
No,10%,30
Yes,10%,30
No,10%,30
Yes,10%,30
No,10%,30
No,10%,30
No,10%,30
No,10%,30
No,10%,30
No,10%,30
No,10%,30
No,10%,30
No,10%,30
No,10%,30
No,10%,30
No,10%,30
No,10%,30
No,10%,30
No,10%,30
No,10%,30
No,10%,30
No,10%,30
No,10%,30
No,10%,30
No,10%,30
No,10%,30
No,10%,30
No,10%,30
No,10%,30
No,10%,30
No,10%,30
No,10%,30
No,10%,30
No,10%,30
No,10%,30
No,10%,30
No,10%,30
No,10%,30
No,10%,30
Yes,10%,30
Yes,10%,30
No,10%,30
No,10%,30
No,10%,30
No,10%,30
No,10%,30
No,10%,30
Yes,10%,30
No,10%,30
No,10%,30
No,10%,30
No,10%,30
No,10%,30
No,10%,30
No,10%,30
No,10%,30
No,10%,30
No,10%,30
No,10%,30
No,10%,30
No,10%,30
No,10%,30
No,10%,30
No,10%,30
No,10%,30
No,10%,30
No,10%,30
No,10%,30
No,10%,30
No,10%,30
No,10%,30
No,10%,30
No,10%,30
No,10%,30
No,10%,30
No,10%,30
No,10%,30
No,10%,30
No,10%,30
Yes,10%,30
No,10%,30
No,10%,30
No,10%,30
No,10%,30
No,10%,30
No,10%,30
Yes,10%,30
Yes,10%,30
No,10%,30
No,10%,30
No,10%,30
No,10%,30
No,10%,30
No,10%,30
No,10%,30
No,10%,30
No,10%,30
No,10%,30
No,10%,30
No,10%,30
No,10%,30
Yes,10%,30
No,10%,30
No,10%,30
No,10%,30
No,10%,30
No,10%,30
No,10%,30
No,10%,30
Yes,10%,60
No,10%,60
No,10%,60
No,10%,60
No,10%,60
No,10%,60
No,10%,60
No,10%,60
No,10%,60
No,10%,60
No,10%,60
No,10%,60
No,10%,60
No,10%,60
No,10%,60
No,10%,60
No,10%,60
No,10%,60
No,10%,60
No,10%,60
No,10%,60
No,10%,60
No,10%,60
No,10%,60
No,10%,60
Yes,10%,60
No,10%,60
No,10%,60
No,10%,60
No,10%,60
No,10%,60
No,10%,60
No,10%,60
No,10%,60
Yes,10%,60
No,10%,60
No,10%,60
No,10%,60
No,10%,60
No,10%,60
No,10%,60
No,10%,60
No,10%,60
No,10%,60
Yes,10%,60
No,10%,60
No,10%,60
No,10%,60
No,10%,60
No,10%,60
No,10%,60
No,10%,60
No,10%,60
No,10%,60
No,10%,60
Yes,10%,60
No,10%,60
No,10%,60
No,10%,60
No,10%,60
No,10%,60
No,10%,60
Yes,10%,60
No,10%,60
No,10%,60
No,10%,60
No,10%,60
No,10%,60
No,10%,60
No,10%,60
No,10%,60
No,10%,60
No,10%,60
No,10%,60
No,10%,60
No,10%,60
No,10%,60
No,10%,60
Yes,10%,60
No,10%,60
No,10%,60
No,10%,60
No,10%,60
No,10%,60
No,10%,60
No,10%,60
No,10%,60
No,10%,60
No,10%,60
No,10%,60
Yes,10%,60
No,10%,60
No,10%,60
No,10%,60
No,10%,60
No,10%,60
No,10%,60
Yes,10%,60
No,10%,60
No,10%,60
No,10%,60
No,10%,60
No,10%,60
No,10%,60
No,10%,60
No,10%,60
No,10%,60
No,10%,60
No,10%,60
No,10%,60
No,10%,60
No,10%,60
No,10%,60
No,10%,60
No,10%,60
No,10%,60
No,10%,60
No,10%,60
No,10%,60
No,10%,60
No,10%,60
No,10%,60
No,10%,60
No,10%,60
No,10%,60
No,10%,60
No,10%,60
No,10%,60
No,10%,60
No,10%,60
No,10%,60
Yes,10%,60
Yes,10%,60
No,10%,60
No,10%,60
No,10%,60
Yes,10%,60
No,10%,60
No,10%,60
No,10%,60
No,10%,60
No,10%,60
No,10%,60
No,10%,60
No,10%,60
No,10%,60
Yes,10%,60
No,10%,60
No,10%,60
No,10%,60
No,10%,60
No,10%,60
No,10%,60
No,10%,60
No,10%,60
No,10%,60
No,10%,60
No,10%,60
No,10%,60
No,10%,60
No,10%,60
No,10%,60
No,10%,60
Yes,10%,60
No,10%,60
No,10%,60
No,10%,60
No,10%,60
No,10%,60
No,10%,60
No,10%,60
No,10%,60
No,10%,60
No,10%,60
No,10%,60
No,10%,60
No,10%,60
Yes,10%,60
No,10%,60
No,10%,60
No,10%,60
Yes,10%,60
No,10%,60
No,10%,60
No,10%,60
No,10%,60
No,10%,60
No,10%,60
No,10%,60
No,10%,60
No,10%,60
No,10%,60
No,10%,60
No,10%,60
No,10%,60
No,10%,60
No,10%,60
No,10%,60
No,10%,60
No,10%,60
No,10%,60
No,10%,60
No,10%,60
No,10%,60
No,10%,60
No,10%,60
No,10%,60
No,10%,60
No,10%,60
No,10%,60
No,10%,60
No,10%,60
No,10%,60
No,10%,60
No,10%,60
No,10%,60
No,10%,60
No,10%,60
No,10%,60
No,10%,60
No,10%,60
Yes,10%,60
No,10%,60
No,10%,60
No,10%,60
No,10%,60
No,10%,60
No,10%,60
No,10%,60
No,10%,60
No,10%,60
No,10%,60
No,10%,60
Yes,10%,60
Yes,10%,60
No,10%,60
No,10%,60
No,10%,60
No,10%,60
No,10%,60
No,10%,60
No,10%,60
No,10%,60
No,10%,60
No,10%,60
Yes,10%,60
No,10%,60
No,10%,60
No,10%,60
No,10%,60
No,10%,60
No,10%,60
No,10%,60
No,10%,60
No,10%,60
No,10%,60
No,10%,60
No,10%,60
Yes,10%,60
No,10%,60
No,10%,60
No,10%,60
No,10%,60
No,10%,60
No,10%,60
No,10%,60
No,10%,60
No,10%,60
No,10%,60
No,10%,60
No,10%,60
No,10%,60
No,10%,60
No,10%,60
No,10%,60
Yes,10%,60
No,10%,60
No,10%,60
No,10%,60
No,10%,60
No,10%,60
No,10%,60
No,10%,60
No,10%,60
No,10%,60
No,10%,60
No,10%,60
No,10%,60
No,10%,60
Yes,10%,60
No,10%,60
No,10%,60
No,10%,60
No,10%,60
No,10%,60
No,10%,60
No,10%,60
No,10%,60
No,10%,60
No,10%,60
No,10%,60
No,10%,60
No,10%,60
No,10%,60
No,10%,60
No,10%,60
No,10%,60
No,10%,60
No,10%,60
No,10%,60
No,10%,60
No,10%,60
No,10%,60
No,10%,60
No,10%,60
No,10%,60
No,10%,60
Yes,10%,60
No,10%,60
No,10%,60
No,10%,60
No,10%,60
No,10%,60
No,10%,60
Yes,10%,60
Yes,10%,60
No,10%,60
No,10%,60
No,10%,60
No,10%,60
No,10%,60
No,10%,60
No,10%,60
No,10%,60
No,10%,60
No,10%,60
No,10%,60
No,10%,60
Yes,10%,60
No,10%,60
No,10%,60
Yes,10%,60
No,10%,60
No,10%,60
No,10%,60
No,10%,60
No,10%,60
No,10%,60
No,10%,60
No,10%,60
No,10%,60
No,10%,60
No,10%,60
No,10%,60
No,10%,60
No,10%,60
No,10%,60
No,10%,60
No,10%,60
No,10%,60
No,10%,60
No,10%,60
No,10%,60
No,10%,60
No,10%,60
No,10%,60
No,10%,60
No,10%,60
No,10%,60
No,10%,60
No,10%,60
No,10%,60
No,10%,60
No,10%,60
No,10%,60
No,10%,60
No,10%,60
No,10%,60
No,10%,60
Yes,10%,60
No,10%,60
No,10%,60
No,10%,60
No,10%,60
No,10%,60
No,10%,60
No,10%,60
No,10%,60
No,10%,60
No,10%,60
No,10%,60
No,10%,60
No,10%,60
Yes,10%,60
No,10%,60
No,10%,60
Yes,10%,60
No,10%,60
No,10%,60
No,10%,60
No,10%,60
No,10%,60
No,10%,60
No,10%,60
No,10%,60
No,10%,60
No,10%,60
No,10%,60
No,10%,60
No,10%,60
No,10%,60
No,10%,60
No,10%,60
Yes,10%,60
No,10%,60
No,10%,60
No,10%,60
No,10%,60
No,10%,60
No,10%,60
No,10%,60
No,10%,60
No,10%,60
No,10%,60
No,10%,60
No,10%,60
No,10%,60
No,10%,60
Yes,10%,60
No,10%,60
No,10%,60
No,10%,60
No,10%,60
Yes,10%,60
No,10%,60
No,10%,60
No,10%,60
No,10%,60
No,10%,60
No,10%,60
No,10%,60
No,10%,60
No,10%,60
No,10%,60
Yes,10%,60
No,10%,60
No,10%,60
No,10%,60
No,10%,60
No,10%,60
No,10%,60
No,10%,60
No,10%,60
Yes,10%,60
No,10%,60
No,10%,60
No,10%,60
No,10%,60
No,10%,60
No,10%,60
No,10%,60
No,10%,60
No,10%,60
No,10%,60
No,10%,60
No,10%,60
No,10%,60
No,10%,60
No,10%,60
No,10%,60
No,10%,60
No,10%,60
No,10%,60
No,10%,60
No,10%,60
No,10%,60
No,10%,60
No,10%,60
No,10%,60
No,10%,60
Yes,10%,60
No,10%,60
No,10%,60
No,10%,60
Yes,10%,60
No,10%,60
No,10%,60
No,10%,60
No,10%,60
Yes,10%,60
No,10%,60
No,10%,60
No,10%,60
No,10%,60
No,10%,60
No,10%,60
No,10%,60
No,10%,60
No,10%,60
No,10%,60
No,15%,15
No,15%,15
No,15%,15
No,15%,15
No,15%,15
No,15%,15
No,15%,15
No,15%,15
Yes,15%,15
No,15%,15
No,15%,15
No,15%,15
Yes,15%,15
No,15%,15
No,15%,15
No,15%,15
No,15%,15
No,15%,15
No,15%,15
No,15%,15
Yes,15%,15
No,15%,15
No,15%,15
No,15%,15
No,15%,15
No,15%,15
Yes,15%,15
No,15%,15
No,15%,15
No,15%,15
No,15%,15
Yes,15%,15
Yes,15%,15
No,15%,15
Yes,15%,15
No,15%,15
Yes,15%,15
No,15%,15
No,15%,15
Yes,15%,15
No,15%,15
No,15%,15
No,15%,15
Yes,15%,15
No,15%,15
No,15%,15
No,15%,15
No,15%,15
No,15%,15
No,15%,15
Yes,15%,15
Yes,15%,15
No,15%,15
No,15%,15
No,15%,15
No,15%,15
No,15%,15
No,15%,15
No,15%,15
No,15%,15
Yes,15%,15
No,15%,15
No,15%,15
No,15%,15
No,15%,15
Yes,15%,15
No,15%,15
No,15%,15
No,15%,15
No,15%,15
No,15%,15
No,15%,15
No,15%,15
No,15%,15
No,15%,15
No,15%,15
No,15%,15
No,15%,15
No,15%,15
No,15%,15
No,15%,15
No,15%,15
No,15%,15
No,15%,15
No,15%,15
No,15%,15
No,15%,15
No,15%,15
No,15%,15
No,15%,15
Yes,15%,15
No,15%,15
No,15%,15
No,15%,15
No,15%,15
No,15%,15
No,15%,15
Yes,15%,15
No,15%,15
No,15%,15
No,15%,15
Yes,15%,15
No,15%,15
No,15%,15
No,15%,15
No,15%,15
No,15%,15
No,15%,15
No,15%,15
No,15%,15
No,15%,15
No,15%,15
No,15%,15
No,15%,15
Yes,15%,15
No,15%,15
No,15%,15
No,15%,15
No,15%,15
No,15%,15
Yes,15%,15
Yes,15%,15
No,15%,15
No,15%,15
No,15%,15
No,15%,15
No,15%,15
No,15%,15
Yes,15%,15
Yes,15%,15
No,15%,15
No,15%,15
No,15%,15
No,15%,15
No,15%,15
No,15%,15
No,15%,15
No,15%,15
Yes,15%,15
No,15%,15
No,15%,15
No,15%,15
No,15%,15
Yes,15%,15
No,15%,15
No,15%,15
No,15%,15
No,15%,15
No,15%,15
No,15%,15
No,15%,15
No,15%,15
No,15%,15
No,15%,15
No,15%,15
No,15%,15
No,15%,15
Yes,15%,15
No,15%,15
No,15%,15
Yes,15%,15
No,15%,15
No,15%,15
No,15%,15
No,15%,15
No,15%,15
Yes,15%,15
Yes,15%,15
No,15%,15
Yes,15%,15
No,15%,15
No,15%,15
No,15%,15
No,15%,15
No,15%,15
No,15%,15
No,15%,15
No,15%,15
No,15%,15
Yes,15%,15
No,15%,15
No,15%,15
No,15%,15
No,15%,15
No,15%,15
Yes,15%,15
No,15%,15
No,15%,15
No,15%,15
No,15%,15
Yes,15%,15
No,15%,15
No,15%,15
No,15%,15
No,15%,15
No,15%,15
No,15%,15
No,15%,15
No,15%,15
No,15%,15
No,15%,15
No,15%,15
No,15%,15
No,15%,15
No,15%,15
No,15%,15
No,15%,15
No,15%,15
No,15%,15
No,15%,15
No,15%,15
Yes,15%,15
No,15%,15
No,15%,15
No,15%,15
No,15%,15
No,15%,15
No,15%,15
No,15%,15
Yes,15%,15
No,15%,15
No,15%,15
No,15%,15
No,15%,15
No,15%,15
No,15%,15
No,15%,15
No,15%,15
No,15%,15
No,15%,15
No,15%,15
No,15%,15
Yes,15%,15
Yes,15%,15
No,15%,15
No,15%,15
No,15%,15
No,15%,15
No,15%,15
Yes,15%,15
No,15%,15
No,15%,15
Yes,15%,15
No,15%,15
No,15%,15
No,15%,15
No,15%,15
No,15%,15
Yes,15%,15
No,15%,15
No,15%,15
No,15%,15
No,15%,15
Yes,15%,15
No,15%,15
No,15%,15
No,15%,15
No,15%,15
No,15%,15
No,15%,15
Yes,15%,15
No,15%,15
Yes,15%,15
No,15%,15
No,15%,15
No,15%,15
No,15%,15
No,15%,15
No,15%,15
No,15%,15
No,15%,15
No,15%,15
No,15%,15
No,15%,15
No,15%,15
Yes,15%,15
Yes,15%,15
No,15%,15
No,15%,15
No,15%,15
No,15%,15
Yes,15%,15
No,15%,15
No,15%,15
No,15%,15
No,15%,15
Yes,15%,15
No,15%,15
No,15%,15
No,15%,15
No,15%,15
Yes,15%,15
No,15%,15
No,15%,15
No,15%,15
No,15%,15
No,15%,15
No,15%,15
No,15%,15
No,15%,15
No,15%,15
No,15%,15
No,15%,15
No,15%,15
No,15%,15
Yes,15%,15
No,15%,15
No,15%,15
Yes,15%,15
No,15%,15
Yes,15%,15
No,15%,15
No,15%,15
No,15%,15
No,15%,15
No,15%,15
No,15%,15
Yes,15%,15
No,15%,15
Yes,15%,15
No,15%,15
No,15%,15
No,15%,15
No,15%,15
No,15%,15
No,15%,15
No,15%,15
No,15%,15
No,15%,15
No,15%,15
No,15%,15
Yes,15%,15
No,15%,15
No,15%,15
No,15%,15
No,15%,15
No,15%,15
Yes,15%,15
No,15%,15
No,15%,15
No,15%,15
No,15%,15
No,15%,15
Yes,15%,15
No,15%,15
No,15%,15
No,15%,15
No,15%,15
No,15%,15
Yes,15%,15
No,15%,15
No,15%,15
No,15%,15
No,15%,15
No,15%,15
No,15%,15
No,15%,15
Yes,15%,15
No,15%,15
No,15%,15
No,15%,15
Yes,15%,15
No,15%,15
No,15%,15
Yes,15%,15
No,15%,15
No,15%,15
No,15%,15
No,15%,15
No,15%,15
Yes,15%,15
No,15%,15
No,15%,15
No,15%,15
No,15%,15
No,15%,15
Yes,15%,15
No,15%,15
No,15%,15
No,15%,15
Yes,15%,15
No,15%,15
No,15%,15
No,15%,15
No,15%,15
No,15%,15
No,15%,15
No,15%,15
No,15%,15
No,15%,15
No,15%,15
No,15%,15
Yes,15%,15
No,15%,15
No,15%,15
No,15%,15
No,15%,15
No,15%,15
No,15%,15
No,15%,15
No,15%,15
No,15%,15
Yes,15%,15
No,15%,15
No,15%,15
Yes,15%,15
No,15%,15
No,15%,15
No,15%,15
No,15%,15
Yes,15%,15
No,15%,15
No,15%,15
No,15%,15
No,15%,15
No,15%,15
No,15%,15
No,15%,15
No,15%,15
No,15%,15
No,15%,15
Yes,15%,15
No,15%,15
Yes,15%,15
No,15%,15
No,15%,15
No,15%,15
No,15%,15
No,15%,15
No,15%,15
No,15%,15
Yes,15%,15
No,15%,15
No,15%,15
No,15%,15
No,15%,15
No,15%,15
Yes,15%,15
No,15%,15
Yes,15%,15
No,15%,15
No,15%,15
No,15%,15
Yes,15%,15
No,15%,15
No,15%,15
No,15%,15
Yes,15%,15
Yes,15%,15
No,15%,15
No,15%,15
No,15%,15
No,15%,15
No,15%,15
No,15%,15
No,15%,15
No,15%,15
No,15%,15
No,15%,15
No,15%,15
No,15%,15
No,15%,15
No,15%,15
No,15%,15
No,15%,15
Yes,15%,15
No,15%,15
No,15%,15
No,15%,15
No,15%,15
No,15%,15
No,15%,15
No,15%,15
No,15%,15
No,15%,15
No,15%,15
No,15%,15
Yes,15%,15
No,15%,15
No,15%,15
No,15%,15
No,15%,15
No,15%,15
No,15%,15
No,15%,15
Yes,15%,15
Yes,15%,15
No,15%,15
No,15%,15
No,15%,15
No,15%,15
No,15%,15
No,15%,15
No,15%,15
No,15%,15
No,15%,15
No,15%,15
Yes,15%,15
Yes,15%,15
No,15%,15
No,15%,30
No,15%,30
No,15%,30
No,15%,30
No,15%,30
No,15%,30
No,15%,30
No,15%,30
No,15%,30
No,15%,30
No,15%,30
No,15%,30
No,15%,30
No,15%,30
No,15%,30
No,15%,30
No,15%,30
Yes,15%,30
No,15%,30
No,15%,30
No,15%,30
No,15%,30
No,15%,30
No,15%,30
No,15%,30
No,15%,30
No,15%,30
No,15%,30
No,15%,30
No,15%,30
No,15%,30
No,15%,30
No,15%,30
No,15%,30
No,15%,30
No,15%,30
No,15%,30
No,15%,30
No,15%,30
No,15%,30
No,15%,30
Yes,15%,30
No,15%,30
No,15%,30
No,15%,30
No,15%,30
No,15%,30
No,15%,30
No,15%,30
No,15%,30
No,15%,30
Yes,15%,30
No,15%,30
No,15%,30
No,15%,30
No,15%,30
No,15%,30
No,15%,30
No,15%,30
No,15%,30
No,15%,30
No,15%,30
No,15%,30
No,15%,30
Yes,15%,30
No,15%,30
No,15%,30
No,15%,30
No,15%,30
No,15%,30
No,15%,30
No,15%,30
No,15%,30
No,15%,30
No,15%,30
No,15%,30
No,15%,30
No,15%,30
No,15%,30
No,15%,30
No,15%,30
No,15%,30
No,15%,30
No,15%,30
Yes,15%,30
No,15%,30
No,15%,30
No,15%,30
No,15%,30
No,15%,30
Yes,15%,30
No,15%,30
No,15%,30
No,15%,30
No,15%,30
No,15%,30
No,15%,30
No,15%,30
No,15%,30
Yes,15%,30
No,15%,30
No,15%,30
No,15%,30
No,15%,30
No,15%,30
No,15%,30
No,15%,30
Yes,15%,30
No,15%,30
No,15%,30
No,15%,30
No,15%,30
No,15%,30
Yes,15%,30
Yes,15%,30
No,15%,30
No,15%,30
No,15%,30
No,15%,30
No,15%,30
No,15%,30
No,15%,30
No,15%,30
No,15%,30
No,15%,30
No,15%,30
No,15%,30
No,15%,30
No,15%,30
No,15%,30
No,15%,30
No,15%,30
Yes,15%,30
Yes,15%,30
No,15%,30
No,15%,30
No,15%,30
No,15%,30
No,15%,30
No,15%,30
No,15%,30
No,15%,30
No,15%,30
No,15%,30
Yes,15%,30
No,15%,30
No,15%,30
No,15%,30
No,15%,30
No,15%,30
No,15%,30
No,15%,30
No,15%,30
No,15%,30
Yes,15%,30
No,15%,30
No,15%,30
No,15%,30
No,15%,30
No,15%,30
No,15%,30
No,15%,30
No,15%,30
No,15%,30
No,15%,30
No,15%,30
Yes,15%,30
No,15%,30
No,15%,30
No,15%,30
No,15%,30
No,15%,30
No,15%,30
No,15%,30
No,15%,30
No,15%,30
No,15%,30
No,15%,30
No,15%,30
Yes,15%,30
No,15%,30
No,15%,30
No,15%,30
No,15%,30
No,15%,30
No,15%,30
No,15%,30
No,15%,30
No,15%,30
No,15%,30
No,15%,30
No,15%,30
No,15%,30
No,15%,30
No,15%,30
No,15%,30
No,15%,30
No,15%,30
No,15%,30
No,15%,30
Yes,15%,30
No,15%,30
No,15%,30
No,15%,30
No,15%,30
No,15%,30
No,15%,30
Yes,15%,30
No,15%,30
No,15%,30
No,15%,30
No,15%,30
No,15%,30
No,15%,30
No,15%,30
No,15%,30
No,15%,30
No,15%,30
No,15%,30
No,15%,30
No,15%,30
Yes,15%,30
No,15%,30
No,15%,30
No,15%,30
No,15%,30
Yes,15%,30
No,15%,30
No,15%,30
No,15%,30
Yes,15%,30
No,15%,30
No,15%,30
Yes,15%,30
No,15%,30
No,15%,30
No,15%,30
No,15%,30
No,15%,30
No,15%,30
No,15%,30
No,15%,30
Yes,15%,30
No,15%,30
No,15%,30
No,15%,30
No,15%,30
No,15%,30
No,15%,30
No,15%,30
No,15%,30
No,15%,30
No,15%,30
No,15%,30
No,15%,30
No,15%,30
No,15%,30
No,15%,30
No,15%,30
No,15%,30
No,15%,30
No,15%,30
No,15%,30
No,15%,30
No,15%,30
No,15%,30
No,15%,30
No,15%,30
No,15%,30
No,15%,30
No,15%,30
No,15%,30
No,15%,30
No,15%,30
No,15%,30
No,15%,30
No,15%,30
No,15%,30
No,15%,30
No,15%,30
No,15%,30
No,15%,30
No,15%,30
Yes,15%,30
No,15%,30
No,15%,30
No,15%,30
No,15%,30
No,15%,30
No,15%,30
Yes,15%,30
No,15%,30
No,15%,30
No,15%,30
No,15%,30
No,15%,30
No,15%,30
Yes,15%,30
No,15%,30
No,15%,30
No,15%,30
No,15%,30
No,15%,30
No,15%,30
No,15%,30
No,15%,30
No,15%,30
No,15%,30
No,15%,30
No,15%,30
No,15%,30
No,15%,30
No,15%,30
No,15%,30
No,15%,30
No,15%,30
No,15%,30
No,15%,30
Yes,15%,30
No,15%,30
No,15%,30
No,15%,30
No,15%,30
No,15%,30
No,15%,30
Yes,15%,30
No,15%,30
No,15%,30
No,15%,30
No,15%,30
No,15%,30
No,15%,30
No,15%,30
No,15%,30
No,15%,30
No,15%,30
No,15%,30
No,15%,30
Yes,15%,30
No,15%,30
Yes,15%,30
No,15%,30
No,15%,30
No,15%,30
No,15%,30
Yes,15%,30
Yes,15%,30
Yes,15%,30
No,15%,30
No,15%,30
No,15%,30
No,15%,30
No,15%,30
No,15%,30
Yes,15%,30
No,15%,30
No,15%,30
No,15%,30
No,15%,30
No,15%,30
No,15%,30
Yes,15%,30
No,15%,30
No,15%,30
No,15%,30
No,15%,30
No,15%,30
No,15%,30
No,15%,30
No,15%,30
No,15%,30
No,15%,30
No,15%,30
No,15%,30
No,15%,30
No,15%,30
No,15%,30
No,15%,30
No,15%,30
No,15%,30
No,15%,30
No,15%,30
No,15%,30
No,15%,30
No,15%,30
No,15%,30
No,15%,30
No,15%,30
No,15%,30
No,15%,30
No,15%,30
No,15%,30
No,15%,30
No,15%,30
No,15%,30
Yes,15%,30
No,15%,30
No,15%,30
No,15%,30
No,15%,30
No,15%,30
No,15%,30
No,15%,30
No,15%,30
No,15%,30
No,15%,30
No,15%,30
No,15%,30
Yes,15%,30
No,15%,30
No,15%,30
No,15%,30
No,15%,30
No,15%,30
No,15%,30
No,15%,30
No,15%,30
No,15%,30
No,15%,30
No,15%,30
No,15%,30
No,15%,30
No,15%,30
No,15%,30
No,15%,30
No,15%,30
No,15%,30
No,15%,30
Yes,15%,30
No,15%,30
No,15%,30
No,15%,30
No,15%,30
No,15%,30
No,15%,30
No,15%,30
No,15%,30
No,15%,30
No,15%,30
No,15%,30
No,15%,30
No,15%,30
No,15%,30
No,15%,30
No,15%,30
No,15%,30
No,15%,30
No,15%,30
No,15%,30
No,15%,30
No,15%,30
No,15%,30
No,15%,30
No,15%,30
No,15%,30
No,15%,30
No,15%,30
No,15%,30
No,15%,30
No,15%,30
No,15%,30
No,15%,30
No,15%,30
Yes,15%,30
No,15%,30
Yes,15%,30
No,15%,30
No,15%,30
No,15%,30
Yes,15%,30
No,15%,30
No,15%,30
No,15%,30
Yes,15%,30
Yes,15%,30
No,15%,30
No,15%,30
No,15%,30
No,15%,30
No,15%,30
No,15%,30
No,15%,30
Yes,15%,30
No,15%,30
No,15%,30
No,15%,30
No,15%,30
No,15%,30
No,15%,30
No,15%,30
No,15%,30
No,15%,30
Yes,15%,30
Yes,15%,30
No,15%,30
No,15%,30
No,15%,30
Yes,15%,30
No,15%,30
No,15%,30
No,15%,60
No,15%,60
No,15%,60
No,15%,60
No,15%,60
No,15%,60
Yes,15%,60
No,15%,60
No,15%,60
No,15%,60
No,15%,60
No,15%,60
No,15%,60
No,15%,60
No,15%,60
No,15%,60
Yes,15%,60
No,15%,60
No,15%,60
No,15%,60
No,15%,60
No,15%,60
No,15%,60
No,15%,60
No,15%,60
Yes,15%,60
No,15%,60
No,15%,60
No,15%,60
No,15%,60
Yes,15%,60
No,15%,60
No,15%,60
Yes,15%,60
Yes,15%,60
No,15%,60
Yes,15%,60
No,15%,60
No,15%,60
No,15%,60
No,15%,60
No,15%,60
No,15%,60
No,15%,60
No,15%,60
No,15%,60
No,15%,60
No,15%,60
No,15%,60
No,15%,60
No,15%,60
No,15%,60
No,15%,60
No,15%,60
No,15%,60
Yes,15%,60
No,15%,60
No,15%,60
No,15%,60
Yes,15%,60
No,15%,60
No,15%,60
No,15%,60
No,15%,60
No,15%,60
No,15%,60
No,15%,60
No,15%,60
No,15%,60
Yes,15%,60
No,15%,60
No,15%,60
No,15%,60
No,15%,60
Yes,15%,60
No,15%,60
No,15%,60
No,15%,60
No,15%,60
No,15%,60
Yes,15%,60
No,15%,60
No,15%,60
No,15%,60
No,15%,60
No,15%,60
No,15%,60
No,15%,60
No,15%,60
No,15%,60
No,15%,60
No,15%,60
No,15%,60
Yes,15%,60
No,15%,60
No,15%,60
No,15%,60
No,15%,60
No,15%,60
No,15%,60
No,15%,60
Yes,15%,60
No,15%,60
No,15%,60
No,15%,60
No,15%,60
Yes,15%,60
Yes,15%,60
No,15%,60
No,15%,60
Yes,15%,60
No,15%,60
No,15%,60
No,15%,60
No,15%,60
Yes,15%,60
No,15%,60
Yes,15%,60
No,15%,60
No,15%,60
No,15%,60
No,15%,60
No,15%,60
No,15%,60
No,15%,60
No,15%,60
No,15%,60
No,15%,60
No,15%,60
No,15%,60
No,15%,60
No,15%,60
No,15%,60
No,15%,60
No,15%,60
No,15%,60
No,15%,60
No,15%,60
No,15%,60
No,15%,60
No,15%,60
No,15%,60
Yes,15%,60
No,15%,60
No,15%,60
No,15%,60
Yes,15%,60
No,15%,60
No,15%,60
Yes,15%,60
No,15%,60
No,15%,60
No,15%,60
No,15%,60
No,15%,60
No,15%,60
No,15%,60
No,15%,60
No,15%,60
No,15%,60
No,15%,60
No,15%,60
No,15%,60
No,15%,60
No,15%,60
No,15%,60
No,15%,60
No,15%,60
No,15%,60
No,15%,60
No,15%,60
No,15%,60
No,15%,60
No,15%,60
Yes,15%,60
No,15%,60
Yes,15%,60
Yes,15%,60
No,15%,60
No,15%,60
No,15%,60
No,15%,60
No,15%,60
No,15%,60
No,15%,60
No,15%,60
Yes,15%,60
No,15%,60
No,15%,60
No,15%,60
No,15%,60
No,15%,60
No,15%,60
No,15%,60
Yes,15%,60
Yes,15%,60
No,15%,60
No,15%,60
No,15%,60
No,15%,60
No,15%,60
No,15%,60
No,15%,60
No,15%,60
No,15%,60
No,15%,60
No,15%,60
No,15%,60
No,15%,60
No,15%,60
No,15%,60
No,15%,60
Yes,15%,60
Yes,15%,60
No,15%,60
No,15%,60
No,15%,60
No,15%,60
No,15%,60
No,15%,60
No,15%,60
No,15%,60
No,15%,60
No,15%,60
No,15%,60
No,15%,60
No,15%,60
No,15%,60
No,15%,60
No,15%,60
No,15%,60
No,15%,60
No,15%,60
Yes,15%,60
No,15%,60
No,15%,60
No,15%,60
No,15%,60
No,15%,60
No,15%,60
No,15%,60
No,15%,60
No,15%,60
Yes,15%,60
No,15%,60
No,15%,60
No,15%,60
No,15%,60
No,15%,60
No,15%,60
No,15%,60
No,15%,60
No,15%,60
No,15%,60
No,15%,60
No,15%,60
No,15%,60
No,15%,60
No,15%,60
No,15%,60
No,15%,60
No,15%,60
No,15%,60
No,15%,60
No,15%,60
No,15%,60
No,15%,60
No,15%,60
No,15%,60
No,15%,60
No,15%,60
No,15%,60
Yes,15%,60
No,15%,60
No,15%,60
No,15%,60
Yes,15%,60
No,15%,60
No,15%,60
No,15%,60
No,15%,60
No,15%,60
No,15%,60
No,15%,60
No,15%,60
No,15%,60
Yes,15%,60
No,15%,60
No,15%,60
Yes,15%,60
No,15%,60
No,15%,60
No,15%,60
No,15%,60
No,15%,60
No,15%,60
No,15%,60
No,15%,60
No,15%,60
No,15%,60
No,15%,60
No,15%,60
No,15%,60
No,15%,60
No,15%,60
No,15%,60
No,15%,60
No,15%,60
Yes,15%,60
No,15%,60
No,15%,60
No,15%,60
No,15%,60
No,15%,60
No,15%,60
No,15%,60
Yes,15%,60
Yes,15%,60
No,15%,60
No,15%,60
Yes,15%,60
No,15%,60
No,15%,60
No,15%,60
No,15%,60
No,15%,60
No,15%,60
No,15%,60
No,15%,60
No,15%,60
Yes,15%,60
No,15%,60
No,15%,60
No,15%,60
No,15%,60
No,15%,60
No,15%,60
No,15%,60
No,15%,60
No,15%,60
Yes,15%,60
No,15%,60
No,15%,60
No,15%,60
No,15%,60
Yes,15%,60
No,15%,60
No,15%,60
No,15%,60
Yes,15%,60
No,15%,60
No,15%,60
No,15%,60
No,15%,60
No,15%,60
No,15%,60
No,15%,60
No,15%,60
No,15%,60
No,15%,60
Yes,15%,60
No,15%,60
No,15%,60
Yes,15%,60
No,15%,60
No,15%,60
No,15%,60
No,15%,60
No,15%,60
No,15%,60
No,15%,60
No,15%,60
No,15%,60
No,15%,60
No,15%,60
No,15%,60
Yes,15%,60
No,15%,60
Yes,15%,60
No,15%,60
Yes,15%,60
No,15%,60
No,15%,60
No,15%,60
No,15%,60
No,15%,60
No,15%,60
Yes,15%,60
No,15%,60
No,15%,60
No,15%,60
No,15%,60
No,15%,60
No,15%,60
No,15%,60
Yes,15%,60
No,15%,60
No,15%,60
No,15%,60
No,15%,60
No,15%,60
No,15%,60
No,15%,60
No,15%,60
No,15%,60
No,15%,60
No,15%,60
No,15%,60
No,15%,60
No,15%,60
No,15%,60
Yes,15%,60
No,15%,60
No,15%,60
No,15%,60
No,15%,60
No,15%,60
No,15%,60
No,15%,60
No,15%,60
No,15%,60
No,15%,60
No,15%,60
No,15%,60
No,15%,60
No,15%,60
No,15%,60
No,15%,60
Yes,15%,60
No,15%,60
No,15%,60
No,15%,60
No,15%,60
No,15%,60
No,15%,60
No,15%,60
No,15%,60
No,15%,60
Yes,15%,60
No,15%,60
No,15%,60
No,15%,60
No,15%,60
No,15%,60
No,15%,60
No,15%,60
No,15%,60
No,15%,60
No,15%,60
No,15%,60
No,15%,60
No,15%,60
No,15%,60
No,15%,60
No,15%,60
No,15%,60
No,15%,60
No,15%,60
No,15%,60
No,15%,60
Yes,15%,60
No,15%,60
No,15%,60
No,15%,60
No,15%,60
No,15%,60
No,15%,60
No,15%,60
Yes,15%,60
No,15%,60
No,15%,60
No,15%,60
No,15%,60
No,15%,60
No,15%,60
Yes,15%,60
No,15%,60
Yes,15%,60
No,15%,60
No,15%,60
No,15%,60
No,15%,60
No,15%,60
No,15%,60
No,15%,60
No,15%,60
No,15%,60
No,15%,60
No,15%,60
Yes,15%,60
No,15%,60
No,15%,60
No,15%,60
No,15%,60
No,15%,60
No,15%,60
Yes,15%,60
No,15%,60
Yes,15%,60
No,15%,60